Workbook

Sheet Huong dan
A1: LUXMAP — BẢNG THEO DÕI CÔNG VIỆC · v2.1
A2: Cập nhật 24/08/2026 · Phương án đã chốt: Nhánh C
A4: PHẠM VI ĐÃ CHỐT — NHÁNH C
A5: Quyết định | B5: FO-01 đã chốt ngày 24/08/2026: nghiên cứu trên ảnh đêm công khai + bộ hiệu chuẩn tự dựng + dữ liệu IoT mô phỏng. KHÔNG có thử nghiệm hiện trường.
A6: Ba nguồn dữ liệu | B6: (1) Ảnh đêm công khai — cho phần PHÁT HIỆN. (2) Bộ hiệu chuẩn tự dựng (FO-07) — cho phần CHUẨN HOÁ và PHÂN LOẠI, là ground truth photometric duy nhất. (3) Dữ liệu IoT mô phỏng (FO-25) — cho phần RUNTIME.
A7: Quy tắc báo cáo số liệu | B7: Ba nguồn trên phải báo cáo TÁCH RIÊNG ở mọi bảng kết quả. Không gộp chỉ số giữa dữ liệu có ground truth thật (hiệu chuẩn) và dữ liệu gán nhãn cảm quan (ảnh công khai), cũng không gộp telemetry thật với dữ liệu mô phỏng.
A8: RQ1 — không đổi phạm vi | B8: Vẫn trả lời được đầy đủ: chuẩn hoá phơi sáng, chuẩn hoá khoảng cách, baseline theo từng bóng, đối chiếu lux. Trên bộ hiệu chuẩn, ground truth còn SẠCH HƠN ngoài đường vì kiểm soát được biến.
A9: RQ2 — ĐÃ HẠ PHẠM VI | B9: Chuyển từ câu hỏi thực nghiệm (runtime pin có suy giảm dự đoán được không) sang câu hỏi thuật toán (thuật toán phát hiện được suy giảm ở mức nhiễu nào). Phải viết lại trong proposal ở FO-24.
A10: Bộ hiệu chuẩn FO-07 là điểm chịu lực | B10: Đây là hạng mục quan trọng nhất của cả kỳ. Hỏng FO-07 là mất toàn bộ đóng góp nghiên cứu, không còn phương án dự phòng nào phía sau.
A11: Camera vẫn là cổng chặn | B11: FO-03 không đổi. Ảnh công khai không có metadata phơi sáng, nên toàn bộ nhánh chuẩn hoá chỉ chạy trên ảnh do nhóm tự chụp bộ hiệu chuẩn.
A13: GIẢ ĐỊNH LỊCH TRÌNH — CẦN XÁC NHẬN
A14: Khung thời gian | B14: W0: 18/08–06/09/2026 · W1–W21: 07/09/2026–31/01/2027
A15: Căn cứ | B15: Duration 09/2026–03/2027 trên form đăng ký FA26SE222
A16: Sau W21 | B16: Nghỉ Tết, hoàn thiện báo cáo và bảo vệ trong 03/2027
A17: ⚠ Nếu mốc thật là 8 tuần | B17: LuxMap KHÔNG khả thi. Riêng gán nhãn dataset (FO-13) và tích luỹ dữ liệu runtime đã vượt khung đó.
A19: PHÂN CÔNG WORK PACKAGE
A20: WP1 — PM/BA, nghiên cứu domain, thực địa | B20: FE3 – Khang chủ trì · cả nhóm tham gia chiến dịch khảo sát và gán nhãn
A21: WP2 — Backend, PostGIS, quy trình sửa chữa | B21: BE1 – Mỹ
A22: WP3 — IoT node & firmware | B22: BE2 – Đạt ⚠ đổi mảng từ API nghiệp vụ sang embedded
A23: WP4 — Computer Vision & phân tích sự cố | B23: FE1 – Thịnh ⚠ đổi mảng từ frontend sang AI/CV
A24: WP5 — Frontend máy tính (dashboard GIS) | B24: FE3 – Khang
A25: WP6 — Frontend di động (khảo sát + sửa chữa) | B25: FE2 – Ngọc
A27: VAI TRÒ HỆ THỐNG
A28: Cơ quan quản lý | B28: Máy tính — bản đồ mạng lưới, phân tích vùng tối, duyệt đợt sửa chữa và ngân sách, báo cáo
A29: Kỹ sư bảo trì | B29: Máy tính — đăng ký tài sản, duyệt sự cố, xem lịch sử tình trạng cột, tạo và nghiệm thu work order
A30: Tổ khảo sát / sửa chữa | B30: Di động — lập tuyến khảo sát, chụp ảnh đêm, nhận việc, cập nhật và đóng việc tại chỗ (offline)
A31: Quản trị | B31: Máy tính — người dùng, danh mục, trọng số ưu tiên, node IoT, phiên bản firmware và model AI
A32: ❌ Người dân (Citizen) | B32: KHÔNG CÒN. Sự cố do engine IoT/CV sinh ra hoặc do tổ khảo sát báo tại chỗ (BE-41), không do người dân tạo.
A34: ĐƯỜNG GĂNG
A35: Chuỗi găng | B35: FO-03 camera → FO-07 bộ hiệu chuẩn → FO-14 đo lux → CV-07/08 chuẩn hoá → CV-09 kiểm chứng → CV-11/12 phân loại → RQ1
A36: Hệ quả | B36: Bộ hiệu chuẩn phải chạy được trong W3. Chậm FO-07 là chậm toàn bộ đóng góp nghiên cứu.
A37: Nhánh song song | B37: Phần phát hiện (CV-01→CV-06) chạy trên ảnh công khai, độc lập với bộ hiệu chuẩn. Toàn bộ WP2/WP5/WP6 không bị ảnh hưởng bởi nhánh C.
A39: MỐC QUAN TRỌNG — GATE THEO DỮ LIỆU
A40: Cuối W1 | B40: Đã chốt nhánh C (xong) + camera khoá được phơi sáng (FO-03) + bộ hiệu chuẩn bắt đầu dựng. Thiếu FO-03 → dừng.
A41: Cuối W3 | B41: Bộ hiệu chuẩn FO-07 hoạt động + bộ ảnh đêm công khai v1 đã chuẩn hoá (FO-11)
A42: Cuối W7 | B42: Dataset v1 gán nhãn xong; baseline detector on/off chạy được
A43: Cuối W9 | B43: Chuẩn hoá phơi sáng + khoảng cách đã kiểm chứng trên bộ hiệu chuẩn (CV-09) — mốc kỹ thuật quan trọng nhất
A44: Cuối W10 | B44: Node IoT bench đẩy telemetry thật lên server (FO-17); dữ liệu mô phỏng FO-25 đã đối chiếu tài liệu (FO-27)
A45: Cuối W13 | B45: Phân loại normal/dim/out/unknown chạy được; có số agreement với lux trên bộ hiệu chuẩn (CV-12 — trả lời RQ1)
A46: Cuối W17 | B46: Dashboard GIS + luồng work order đầy đủ; clustering nguyên nhân hoạt động
A47: Cuối W19 | B47: Đánh giá trên tập held-out, chỉ số tách riêng theo lớp VÀ theo nguồn dữ liệu (CV-18)
A48: Cuối W21 | B48: Báo cáo đầy đủ + phần Threats to Validity nêu chủ động giới hạn của nhánh C
A50: RỦI RO CẦN CHỐT SỚM
A51: Bộ hiệu chuẩn FO-07 hỏng hoặc trễ | B51: RỦI RO SỐ 1. Không còn phương án dự phòng phía sau. Dựng sớm ở W1, kiểm chứng ngay, đừng để đến W5 mới phát hiện bố trí sai.
A52: Hội đồng chất vấn tính thực tiễn | B52: Nhánh C không có dữ liệu thực địa. Giảm thiểu bằng: FO-09 (đặc tả giao thức khảo sát đã thiết kế), FO-27 (neo mô phỏng vào tài liệu công bố), CV-21 (phân tích độ nhạy).
A53: Không đủ mẫu 'dim' trong ảnh công khai | B53: Gần như chắc chắn xảy ra. Đã xử lý: lớp dim chủ yếu đến từ bộ hiệu chuẩn FO-07, không từ ảnh công khai.
A54: Camera không khoá được phơi sáng | B54: Ảnh auto-exposure KHÔNG sửa được sau khi chụp. Ở nhánh C camera chỉ dùng cho bộ hiệu chuẩn, nhưng vẫn là cổng chặn tuyệt đối cho RQ1.
A55: Gán nhãn dataset (FO-13) | B55: Task tốn công nhất và hay bị đánh giá thấp nhất. Chia đều cả nhóm, không giao một người.
A56: Thời gian giao linh kiện IoT | B56: Đặt hàng ngay ở IOT-01, không chờ đến khi cần dùng.
A57: Dữ liệu runtime là mô phỏng | B57: RQ2 đã hạ phạm vi thành câu hỏi thuật toán. Bắt buộc neo tham số mô phỏng vào tài liệu công bố (FO-27), nếu không phần này không có giá trị khoa học.
A58: Lệch schema BE↔FE | B58: Đã giảm mạnh nhờ API Contract v1.0, nhưng chỉ có tác dụng nếu FW-00 (buổi review) thực sự diễn ra ở W1.
A60: CỘT NGUỒN GỐC & CÁCH DÙNG
A61: GIỮ | B61: Dùng lại gần như nguyên vẹn từ dự án trước — không phải làm lại
A62: SỬA | B62: Có sẵn nhưng phải sửa đáng kể (đổi domain, đổi vai trò, mở rộng, hoặc đổi vì v2.0)
A63: MỚI | B63: Chưa từng tồn tại
A64: Bước 1 | B64: Mỗi người vào sheet WP của mình, lọc theo cột 'Người phụ trách'
A65: Bước 2 | B65: Cập nhật 'Trạng thái' và '% hoàn thành' mỗi ngày. Ô trạng thái tự đổi màu.
A66: Bước 3 | B66: Việc bị vướng thì đổi sang 'Bị chặn' và ghi lý do vào cột 'Ghi chú'
A67: Bước 4 | B67: Sheet 'Tong hop' tự đếm tiến độ — không sửa tay sheet đó

Sheet Field Ops
A1: FIELD OPS — Thực địa, dataset, thử nghiệm · WP1 (chủ trì: FE3 – Khang)
A2: Mã | B2: Nhóm | C2: Công việc | D2: Kết quả cần đạt | E2: Người phụ trách | F2: Tuần | G2: Bắt đầu | H2: Kết thúc | I2: Ưu tiên | J2: Trạng thái | K2: % hoàn thành | L2: Phụ thuộc | M2: Nguồn gốc | N2: Ghi chú | O2: W0 | P2: W1 | Q2: W2 | R2: W3 | S2: W4 | T2: W5 | U2: W6 | V2: W7 | W2: W8 | X2: W9 | Y2: W10 | Z2: W11 | AA2: W12 | AB2: W13 | AC2: W14 | AD2: W15 | AE2: W16 | AF2: W17 | AG2: W18 | AH2: W19 | AI2: W20 | AJ2: W21
A3: FO-01 | B3: Cổng quyết định | C3: Chốt phương án thử nghiệm hiện trường | D3: ĐÃ CHỐT 24/08/2026 — Nhánh C: ảnh đêm công khai + IoT mô phỏng + bộ hiệu chuẩn tự dựng | E3: BE1 – Mỹ | F3: W0 | G3: 18/08/2026 | H3: 06/09/2026 | I3: Cao | J3: Hoàn thành | K3: 100% | M3: SỬA | N3: ĐÃ CHỐT. Nhánh A (tìm đối tác mới) và nhánh B (khảo sát đường công cộng) KHÔNG theo đuổi. Mọi task bên dưới đã viết lại theo nhánh C.
A4: FO-01D | B4: Cổng quyết định | C4: Triển khai nhánh C — xác định phạm vi dữ liệu thay thế | D4: Danh mục nguồn ảnh đêm công khai đã kiểm chứng license + kế hoạch sinh dữ liệu IoT mô phỏng + đặc tả bộ hiệu chuẩn | E4: FE1 – Thịnh | F4: W0–W1 | G4: 18/08/2026 | H4: 13/09/2026 | I4: Cao | J4: Chưa bắt đầu | K4: 0% | L4: FO-01 | M4: SỬA | N4: Kiểm license từng nguồn ảnh TRƯỚC khi đưa vào dataset — dùng ảnh không rõ quyền sẽ bị hội đồng chất vấn.
A5: FO-02 | B5: Chuẩn bị | C5: Khảo sát và phân loại nguồn ảnh đêm công khai | D5: Bảng đánh giá từng nguồn: độ phân giải, có/không metadata phơi sáng, có/không GPS, license, số cột đèn quan sát được | E5: FE1 – Thịnh | F5: W1–W2 | G5: 07/09/2026 | H5: 20/09/2026 | I5: Cao | J5: Chưa bắt đầu | K5: 0% | L5: FO-01D | M5: SỬA | N5: THAY nhiệm vụ trinh sát thực địa. Kết luận quan trọng nhất: nguồn nào có metadata phơi sáng (gần như chắc chắn KHÔNG có nguồn nào) — quyết định phạm vi RQ1.
A6: FO-03 | B6: Cổng quyết định | C6: Chốt camera khoá được phơi sáng + thử chụp 1 đêm | D6: Chụp thử được ảnh có ISO/shutter/aperture cố định và ghi đủ metadata nhúng | E6: FE1 – Thịnh | F6: W0–W1 | G6: 18/08/2026 | H6: 13/09/2026 | I6: Cao | J6: Chưa bắt đầu | K6: 0% | M6: GIỮ | N6: VẪN LÀ CỔNG CHẶN Ở NHÁNH C — camera dùng để chụp bộ hiệu chuẩn FO-07, không phải để khảo sát đường. Không có camera khoá được phơi sáng thì RQ1 sụp hoàn toàn.
A7: FO-04 | B7: Cổng quyết định | C7: Chốt ngân sách và nguồn mua phần cứng | D7: Danh sách có giá: camera, lux meter, linh kiện bộ hiệu chuẩn, 2–3 bộ node IoT cho bench demo | E7: BE2 – Đạt | F7: W0–W1 | G7: 18/08/2026 | H7: 13/09/2026 | I7: Cao | J7: Chưa bắt đầu | K7: 0% | L7: FO-03 | M7: SỬA | N7: CẮT GIẢM theo nhánh C: bỏ node lắp ngoài trời số lượng lớn, bỏ gá xe khảo sát. Dồn ngân sách vào bộ hiệu chuẩn và lux meter.
A8: FO-05 | B8: Cổng quyết định | C8: Chốt phân công lại WP và bàn giao việc đang dở | D8: Mỗi người biết rõ WP mới; code dự án cũ được đóng băng ở nhánh riêng | E8: Cả nhóm | F8: W0 | G8: 18/08/2026 | H8: 06/09/2026 | I8: Cao | J8: Chưa bắt đầu | K8: 0% | M8: GIỮ | N8: Đạt và Thịnh đổi mảng hoàn toàn — cần thời gian học
A9: FO-06 | B9: Dataset | C9: Kiểm đếm phân bố tình trạng đèn trong ảnh công khai | D9: Bảng đếm normal/dim/out quan sát được; xác định lớp 'dim' có đủ mẫu để train detector không | E9: Cả nhóm | F9: W2 | G9: 14/09/2026 | H9: 20/09/2026 | I9: Cao | J9: Chưa bắt đầu | K9: 0% | L9: FO-02 | M9: SỬA | N9: Ảnh công khai gần như chắc chắn thiếu mẫu 'dim' rõ ràng → càng khẳng định bộ hiệu chuẩn FO-07 là bắt buộc, không phải tuỳ chọn.
A10: FO-07 | B10: Bộ hiệu chuẩn | C10: Dựng bộ hiệu chuẩn có kiểm soát | D10: 6–8 bóng điều chỉnh được dòng, đặt ở độ cao và khoảng cách mô phỏng cột đèn thật, mức suy giảm đã biết chính xác | E10: BE2 – Đạt | F10: W1–W3 | G10: 07/09/2026 | H10: 27/09/2026 | I10: Cao | J10: Chưa bắt đầu | K10: 0% | L10: FO-04 | M10: SỬA | N10: ⚠ HẠNG MỤC QUAN TRỌNG NHẤT CỦA NHÁNH C. Đây là nguồn ground truth photometric DUY NHẤT còn lại. Đã nâng từ 4–6 lên 6–8 bóng và đẩy sớm lên W1. Hỏng task này là hỏng cả RQ1.
A11: FO-08 | B11: Bộ hiệu chuẩn | C11: Viết giao thức chụp có kiểm soát | D11: Tài liệu: bố trí bóng, khoảng cách, độ cao, vị trí camera, thông số khoá, quy trình lặp lại giữa các đêm | E11: FE3 – Khang | F11: W2–W3 | G11: 14/09/2026 | H11: 27/09/2026 | I11: Cao | J11: Chưa bắt đầu | K11: 0% | L11: FO-03 | M11: SỬA | N11: THAY giao thức khảo sát đêm trên đường. Vẫn là deliverable chính thức — mô tả cả giao thức khảo sát xe đã THIẾT KẾ nhưng chưa triển khai được, kèm lý do.
A12: FO-09 | B12: Bộ hiệu chuẩn | C12: Đặc tả giao thức khảo sát xe cho triển khai tương lai | D12: Tài liệu thiết kế đầy đủ: tuyến, tốc độ, gá camera, an toàn ban đêm — ghi rõ CHƯA kiểm chứng thực địa | E12: FE3 – Khang | F12: W3 | G12: 21/09/2026 | H12: 27/09/2026 | I12: Trung bình | J12: Chưa bắt đầu | K12: 0% | L12: FO-08 | M12: SỬA | N12: GIỮ LẠI VÌ HỘI ĐỒNG SẼ HỎI. Đây là đóng góp thiết kế, không phải kết quả thực nghiệm — phải phân biệt rõ trong báo cáo.
A13: FO-10 | B13: Dataset | C13: Dựng bảng kiểm kê cột tham chiếu cho tập ảnh công khai | D13: CSV: mã cột, toạ độ ước lượng, loại đèn suy đoán, tuyến — đủ trường để chạy pole association | E13: Cả nhóm | F13: W3–W4 | G13: 21/09/2026 | H13: 04/10/2026 | I13: Cao | J13: Chưa bắt đầu | K13: 0% | L13: FO-02 | M13: SỬA | N13: Toạ độ từ ảnh công khai kém chính xác hơn đo thực địa → sai số này phải được đo và báo cáo ở CV-06, không giấu.
A14: FO-11 | B14: Dataset | C14: Thu thập và chuẩn hoá bộ ảnh đêm công khai v1 | D14: Bộ ảnh đã lọc, đã gắn toạ độ, đã ghi rõ nguồn và license, đủ để bắt đầu gán nhãn | E14: FE1 – Thịnh | F14: W3–W4 | G14: 21/09/2026 | H14: 04/10/2026 | I14: Cao | J14: Chưa bắt đầu | K14: 0% | L14: FO-02 | M14: SỬA | N14: THAY sweep khảo sát đêm #1. Mốc dữ liệu quan trọng nhất của nhánh C.
A15: FO-12 | B15: Dataset | C15: Quy ước gán nhãn + hướng dẫn người gán | D15: Tài liệu định nghĩa normal/dim/out/unknown và các nguồn sáng nhiễu, có ảnh ví dụ từng lớp | E15: FE1 – Thịnh | F15: W4 | G15: 28/09/2026 | H15: 04/10/2026 | I15: Cao | J15: Chưa bắt đầu | K15: 0% | L15: FO-11 | M15: SỬA | N15: 'dim' trong ảnh công khai chỉ gán được theo cảm quan → phải đánh dấu RIÊNG, không trộn với 'dim' đo được trên bộ hiệu chuẩn. Hai loại nhãn này KHÔNG tương đương.
A16: FO-13 | B16: Dataset | C16: Gán nhãn dataset v1 | D16: Đủ số khung hình mục tiêu đã gán nhãn, có kiểm tra chéo giữa 2 người trên 10% mẫu | E16: Cả nhóm | F16: W4–W7 | G16: 28/09/2026 | H16: 25/10/2026 | I16: Cao | J16: Chưa bắt đầu | K16: 0% | L16: FO-12 | M16: GIỮ | N16: TASK TỐN NHẤT VÀ DỄ BỊ ĐÁNH GIÁ THẤP NHẤT — chia đều cả nhóm
A17: FO-14 | B17: Bộ hiệu chuẩn | C17: Đo lux đối chứng trên bộ hiệu chuẩn — đợt 1 | D17: Số đo lux tại từng mức suy giảm đã biết, cùng thời điểm với đợt chụp | E17: BE2 – Đạt | F17: W4 | G17: 28/09/2026 | H17: 04/10/2026 | I17: Cao | J17: Chưa bắt đầu | K17: 0% | L17: FO-07 | M17: SỬA | N17: THAY đo lux dưới chân cột thực địa. Đây là ground truth cho RQ1. Nhập liệu qua FM-14, cần BE-42 xong trước W4.
A18: FO-15 | B18: Bộ hiệu chuẩn | C18: Chụp lặp bộ hiệu chuẩn qua nhiều đêm | D18: Chuỗi ảnh cùng bố trí, khác đêm — đo được độ ổn định của phép chuẩn hoá giữa các đêm | E18: FE1 – Thịnh | F18: W5–W6 | G18: 05/10/2026 | H18: 18/10/2026 | I18: Cao | J18: Chưa bắt đầu | K18: 0% | L18: FO-08 | M18: SỬA | N18: THAY sweep #2. Đây là cách duy nhất còn lại để kiểm chứng tính lặp lại ở nhánh C.
A19: FO-16 | B19: Bộ hiệu chuẩn | C19: Chụp có/không khoá phơi sáng trên cùng bố trí | D19: Cùng bố trí, cùng đêm, 2 lượt chụp với cấu hình khác nhau | E19: FE1 – Thịnh | F19: W6 | G19: 12/10/2026 | H19: 18/10/2026 | I19: Cao | J19: Chưa bắt đầu | K19: 0% | L19: FO-15 | M19: SỬA | N19: BẢO TOÀN NGUYÊN VẸN Ở NHÁNH C — câu hỏi nghiên cứu về locked exposure vẫn trả lời được đầy đủ trên bộ hiệu chuẩn, thậm chí sạch hơn ngoài đường.
A20: FO-17 | B20: IoT | C20: Bench demo: node IoT chạy liên tục trong phòng | D20: Node đo dòng qua bóng của bộ hiệu chuẩn, gửi telemetry thật về server nhiều ngày liên tục | E20: BE2 – Đạt | F20: W9–W10 | G20: 02/11/2026 | H20: 15/11/2026 | I20: Cao | J20: Chưa bắt đầu | K20: 0% | L20: IOT-12 | M20: SỬA | N20: THAY lắp đặt ngoài trời. Vẫn là telemetry THẬT từ phần cứng thật — chỉ khác môi trường. Phân biệt rõ với dữ liệu mô phỏng FO-25 khi báo cáo.
... A25: FO-22 | B25: Đánh giá | C25: Thu thập phản hồi sử dụng từ người dùng đại diện | D25: Biên bản phản hồi có cấu trúc về dashboard và app hiện trường, tối thiểu 3 người ngoài nhóm | E25: FE3 – Khang | F25: W19–W20 | G25: 11/01/2027 | H25: 24/01/2027 | I25: Trung bình | J25: Chưa bắt đầu | K25: 0% | L25: FW-32 | M25: GIỮ | N25: Người dùng đại diện: sinh viên/giảng viên ngành kỹ thuật hạ tầng, hoặc nhân viên kỹ thuật điện. Ghi rõ hạn chế này trong báo cáo.
A26: FO-23 | B26: Đánh giá | C26: Tổng hợp số liệu và viết báo cáo đánh giá | D26: Báo cáo có precision/recall tách riêng out và dim, agreement với lux, chi phí/đèn ước tính | E26: FE3 – Khang | F26: W20–W21 | G26: 18/01/2027 | H26: 31/01/2027 | I26: Cao | J26: Chưa bắt đầu | K26: 0% | L26: FO-21 | M26: GIỮ
A27: FO-24 | B27: Cổng quyết định | C27: Cập nhật proposal theo nhánh C | D27: Proposal v2.1: phạm vi RQ điều chỉnh, phần Threats to Validity viết lại, không còn giả định thử nghiệm hiện trường | E27: FE3 – Khang | F27: W1–W2 | G27: 07/09/2026 | H27: 20/09/2026 | I27: Cao | J27: Chưa bắt đầu | K27: 0% | L27: FO-01 | M27: SỬA | N27: BẮT BUỘC và GẤP. Phải trung thực: đây là nghiên cứu trên dữ liệu công khai và bộ hiệu chuẩn có kiểm soát, KHÔNG phải field study. Giấu điều này sẽ hỏng ở buổi bảo vệ.
A28: FO-25 | B28: Dataset | C28: Sinh bộ dữ liệu IoT mô phỏng (runtime suy giảm pin) | D28: Chuỗi thời gian runtime nhiều node, có node suy giảm theo mô hình pin, tham số mô phỏng công khai và tái lập được | E28: BE2 – Đạt | F28: W4–W6 | G28: 28/09/2026 | H28: 18/10/2026 | I28: Cao | J28: Chưa bắt đầu | K28: 0% | L28: FO-01D | M28: SỬA | N28: NÂNG ƯU TIÊN + ĐẨY SỚM (W6–W8 → W4–W6): đây là nguồn dữ liệu runtime chính của nhánh C. Mô hình suy giảm phải dựa trên tài liệu về capacity fade, không tự bịa đường cong.
A29: FO-27 | B29: Dataset | C29: Đối chiếu dữ liệu mô phỏng với số liệu công bố | D29: Bảng so sánh tham số mô phỏng với số liệu capacity fade trong tài liệu tham khảo, có trích nguồn | E29: BE2 – Đạt | F29: W6–W7 | G29: 12/10/2026 | H29: 25/10/2026 | I29: Cao | J29: Chưa bắt đầu | K29: 0% | L29: FO-25 | M29: MỚI | N29: MỚI — bắt buộc ở nhánh C. Dữ liệu mô phỏng không có giá trị khoa học nếu không neo được vào số liệu thực tế đã công bố. Hội đồng sẽ hỏi đúng chỗ này.
A30: FO-26 | B30: Dataset | C30: Bộ dữ liệu GeoJSON mô phỏng cho FE làm việc song song | D30: 103 cột + 3 tuyến + cụm sự cố đoạn + node IoT, đúng schema API Contract v1.0 | E30: BE1 – Mỹ | F30: W1 | G30: 07/09/2026 | H30: 13/09/2026 | I30: Cao | J30: Hoàn thành | K30: 100% | M30: MỚI | N30: ĐÃ CÓ — bàn giao kèm API Contract v1.0. FE không phải chờ BE hay chờ dữ liệu.

Sheet Backend
A1: BACKEND — ASP.NET Core + PostGIS · WP2 (BE1 – Mỹ)
A2: Mã | B2: Nhóm | C2: Công việc | D2: Kết quả cần đạt | E2: Người phụ trách | F2: Tuần | G2: Bắt đầu | H2: Kết thúc | I2: Ưu tiên | J2: Trạng thái | K2: % hoàn thành | L2: Phụ thuộc | M2: Nguồn gốc | N2: Ghi chú | O2: W0 | P2: W1 | Q2: W2 | R2: W3 | S2: W4 | T2: W5 | U2: W6 | V2: W7 | W2: W8 | X2: W9 | Y2: W10 | Z2: W11 | AA2: W12 | AB2: W13 | AC2: W14 | AD2: W15 | AE2: W16 | AF2: W17 | AG2: W18 | AH2: W19 | AI2: W20 | AJ2: W21
A3: BE-00 | B3: Nền tảng | C3: Hiện thực đúng API Contract v1.0 — quy ước toàn cục | D3: JSON snake_case (JsonNamingPolicy.SnakeCaseLower), API luôn trả EPSG:4326, TIMESTAMPTZ với DateTimeKind.Utc, enum trả chuỗi thường | E3: BE1 – Mỹ | F3: W1 | G3: 07/09/2026 | H3: 13/09/2026 | I3: Cao | J3: Hoàn thành | K3: 1 | M3: MỚI | N3: MỚI v2.0 — contract đã CHỐT ngày 23/08/2026. Đây là hợp đồng với WP5/WP6: đổi field hay enum phải mở issue, không đổi ngầm.
A4: BE-01 | B4: Nền tảng | C4: Solution .NET modular monolith | D4: Solution chạy được, chia project theo module | E4: BE1 – Mỹ | F4: W1 | G4: 07/09/2026 | H4: 13/09/2026 | I4: Cao | J4: Hoàn thành | K4: 1 | M4: GIỮ | N4: Chỉ đổi tên module sang domain LuxMap
A5: BE-02 | B5: Nền tảng | C5: Docker Compose: PostgreSQL + PostGIS + Redis | D5: docker compose up lên đủ dịch vụ | E5: BE1 – Mỹ | F5: W1 | G5: 07/09/2026 | H5: 13/09/2026 | I5: Cao | J5: Hoàn thành | K5: 1 | M5: SỬA | N5: BỎ pgvector. Giữ PostGIS, Redis
A6: BE-03 | B6: Nền tảng | C6: EF Core + Npgsql + NetTopologySuite | D6: Map được Point VÀ LineString, sinh migration thành công | E6: BE1 – Mỹ | F6: W1 | G6: 07/09/2026 | H6: 13/09/2026 | I6: Cao | J6: Hoàn thành | K6: 1 | L6: BE-02 | M6: SỬA | N6: Mở rộng: LineString cho tuyến đường và feeder. Tên bảng/cột snake_case toàn chữ thường, không quote.
A7: BE-04 | B7: Nền tảng | C7: Middleware lỗi, response chuẩn, phân trang, versioning /api/v1 | D7: Mọi API cùng định dạng, có correlation id; lỗi theo hình dạng {error:{code,message,details}} | E7: BE1 – Mỹ | F7: W1 | G7: 07/09/2026 | H7: 13/09/2026 | I7: Cao | J7: Hoàn thành | K7: 1 | L7: BE-00 | M7: SỬA | N7: Định dạng lỗi và phân trang {page,page_size,total,items[]} theo API Contract v1.0
A8: BE-05 | B8: Nền tảng | C8: Serilog + Swagger + security scheme JWT | D8: Swagger có nút Authorize, log có cấu trúc; OpenAPI spec công bố cho WP6 sinh DTO | E8: BE1 – Mỹ | F8: W1 | G8: 07/09/2026 | H8: 13/09/2026 | I8: Cao | J8: Hoàn thành | K8: 1 | L8: BE-01 | M8: GIỮ | N8: WP6 (Android) phụ thuộc trực tiếp vào spec này ở FM-04
A9: BE-06 | B9: Identity | C9: Entity AdministrativeUnit, AppUser, RefreshToken | D9: Bảng tạo được, seed chạy được | E9: BE1 – Mỹ | F9: W1 | G9: 07/09/2026 | H9: 13/09/2026 | I9: Cao | J9: Hoàn thành | K9: 1 | L9: BE-03 | M9: GIỮ
A10: BE-07 | B10: Identity | C10: API đăng ký / đăng nhập / refresh token | D10: Lấy được JWT, refresh hoạt động | E10: BE1 – Mỹ | F10: W1 | G10: 07/09/2026 | H10: 13/09/2026 | I10: Cao | J10: Hoàn thành | K10: 1 | L10: BE-06 | M10: GIỮ | N10: FM-05 cần endpoint thật trước khi test tích hợp
A11: BE-08 | B11: Identity | C11: Phân quyền theo 4 vai trò + theo địa bàn | D11: Kỹ sư bảo trì chỉ thấy tài sản thuộc địa bàn mình | E11: BE1 – Mỹ | F11: W2 | G11: 14/09/2026 | H11: 20/09/2026 | I11: Cao | J11: Hoàn thành | K11: 1 | L11: BE-07 | M11: SỬA | N11: 4 vai trò: Cơ quan quản lý, Kỹ sư bảo trì, Tổ khảo sát/sửa chữa, Quản trị. KHÔNG còn vai trò Người dân
A12: BE-09 | B12: GIS Tài sản | C12: Entity Pole, Fixture, RoadSegment, Feeder + migration + index GIST | D12: Lưu được cột geometry(Point,4326) và tuyến geometry(LineString,4326), EXPLAIN xác nhận dùng GIST index | E12: BE1 – Mỹ | F12: W2–W3 | G12: 14/09/2026 | H12: 27/09/2026 | I12: Cao | J12: Hoàn thành | K12: 1 | L12: BE-03 | M12: SỬA | N12: Trường và enum theo API Contract v1.0 mục 1. Pole và Fixture TÁCH RIÊNG.
A13: BE-10 | B13: GIS Tài sản | C13: Quy ước SRID: lưu và trả EPSG:4326, tính khoảng cách trên EPSG:3405 | D13: Hàm tính khoảng cách trả kết quả mét đúng, có unit test đối chiếu | E13: BE1 – Mỹ | F13: W2 | G13: 14/09/2026 | H13: 20/09/2026 | I13: Cao | J13: Hoàn thành | K13: 1 | L13: BE-09 | M13: SỬA | N13: CHỐT: EPSG:3405 chỉ dùng nội bộ, KHÔNG BAO GIỜ trả ra API. FE không reproject.
A14: BE-11 | B14: GIS Tài sản | C14: Lưu trữ ảnh (MinIO): tách SurveyFrame và RepairEvidence | D14: Hai luồng ảnh riêng, sinh thumbnail, chặn file sai định dạng | E14: BE1 – Mỹ | F14: W3 | G14: 21/09/2026 | H14: 27/09/2026 | I14: Cao | J14: Hoàn thành | K14: 1 | L14: BE-02 | M14: GIỮ | N14: Ảnh khảo sát là dữ liệu chính, không phải file đính kèm — cần tính dung lượng
A15: BE-12 | B15: GIS Tài sản | C15: API CRUD tài sản + import kiểm kê từ CSV | D15: Import file FO-10, báo lỗi theo từng dòng | E15: BE1 – Mỹ | F15: W3–W4 | G15: 21/09/2026 | H15: 04/10/2026 | I15: Cao | J15: Chưa bắt đầu | K15: 0% | L15: BE-09 | M15: GIỮ
A16: BE-13 | B16: GIS Tài sản | C16: API topology: gán cột vào tuyến và vào feeder | D16: Truy vấn được 'tất cả cột trên feeder X' phục vụ clustering | E16: BE1 – Mỹ | F16: W4 | G16: 28/09/2026 | H16: 04/10/2026 | I16: Cao | J16: Chưa bắt đầu | K16: 0% | L16: BE-12 | M16: GIỮ | N16: Đầu vào bắt buộc cho CV-15
A17: BE-14 | B17: GIS Tài sản | C17: API bản đồ theo bbox: GET /poles, /segments, /iot-nodes | D17: Trả FeatureCollection GeoJSON, properties phẳng; bbox BẮT BUỘC; >2000 cột trả 413 BBOX_TOO_LARGE; dưới 500ms | E17: BE1 – Mỹ | F17: W4 | G17: 28/09/2026 | H17: 04/10/2026 | I17: Cao | J17: Chưa bắt đầu | K17: 0% | L17: BE-13 | M17: SỬA | N17: Đặc tả đầy đủ ở API Contract v1.0 mục 2.1–2.3. FE đã code sẵn theo mock — sai schema là FE phải sửa lại.
A18: BE-15 | B18: Khảo sát | C18: Entity SurveySweep, SurveyFrame + upload hàng loạt | D18: Nộp được một sweep gồm nhiều trăm khung hình kèm metadata | E18: BE1 – Mỹ | F18: W5–W6 | G18: 05/10/2026 | H18: 18/10/2026 | I18: Cao | J18: Chưa bắt đầu | K18: 0% | L18: BE-11 | M18: GIỮ
A19: BE-16 | B19: Khảo sát | C19: Validate metadata phơi sáng — từ chối frame thiếu thông số | D19: Frame không đủ ISO/shutter/aperture/GPS/heading bị từ chối kèm lý do rõ | E19: BE1 – Mỹ | F19: W6 | G19: 12/10/2026 | H19: 18/10/2026 | I19: Cao | J19: Chưa bắt đầu | K19: 0% | L19: BE-15 | M19: GIỮ | N19: BẮT BUỘC — không sửa được sau khi chụp, phải chặn ngay lúc nhận
A20: BE-17 | B20: Khảo sát | C20: API trạng thái xử lý sweep + độ phủ tuyến | D20: Biết được sweep đã xử lý đến đâu, đoạn nào chưa có ảnh | E20: BE1 – Mỹ | F20: W6–W7 | G20: 12/10/2026 | H20: 25/10/2026 | I20: Trung bình | J20: Chưa bắt đầu | K20: 0% | L20: BE-15 | M20: GIỮ
A21: BE-18 | B21: Sự cố | C21: Entity Fault, FaultType, FaultHistory + ghi vết kiểm toán | D21: Mọi phát hiện tự động và mọi quyết định của kỹ sư đều có bản ghi | E21: BE1 – Mỹ | F21: W7–W8 | G21: 19/10/2026 | H21: 01/11/2026 | I21: Cao | J21: Đang làm | K21: 0.3 | L21: BE-09 | M21: SỬA | N21: Enum fault_type/fault_status/severity/source_channel theo Contract v1.0. Fault do ENGINE sinh (cv/iot) hoặc do field_report (manual).
A22: BE-19 | B22: Sự cố | C22: API duyệt sự cố: PATCH /faults/{id} xác nhận / phân loại lại / bác bỏ | D22: Chuyển trạng thái sai luồng trả 409 để FE disable nút trước, không để user bấm rồi lỗi | E22: BE1 – Mỹ | F22: W8 | G22: 26/10/2026 | H22: 01/11/2026 | I22: Cao | J22: Chưa bắt đầu | K22: 0% | L22: BE-18 | M22: SỬA | N22: Luồng hợp lệ ghi rõ ở Contract v1.0 mục 2.5
A23: BE-20 | B23: Sự cố | C23: API lịch sử tình trạng của một cột (GET /poles/{id}) | D23: Trả GỘP trong 1 request: fixture, current_status, iot_node, luminance_baseline, luminance_history, runtime_history, open_faults, recent_frames | E23: BE1 – Mỹ | F23: W8–W9 | G23: 26/10/2026 | H23: 08/11/2026 | I23: Cao | J23: Chưa bắt đầu | K23: 0% | L23: BE-18 | M23: SỬA | N23: CHỐT: không bắt FE gọi 4 lần. luminance_history phải có baseline_ratio và classified_as sẵn.
A24: BE-21 | B24: Quy trình | C24: Entity WorkOrder, ExternalUnit + tính hạn SLA theo loại sự cố | D24: Xác nhận sự cố là sinh ngay work order kèm due_at | E24: BE1 – Mỹ | F24: W9–W10 | G24: 02/11/2026 | H24: 15/11/2026 | I24: Cao | J24: Chưa bắt đầu | K24: 0% | L24: BE-19 | M24: GIỮ
A25: BE-22 | B25: Quy trình | C25: Máy trạng thái + chặn chuyển trạng thái sai luồng | D25: Không thể chuyển thẳng từ Mới sang Đã đóng | E25: BE1 – Mỹ | F25: W10 | G25: 09/11/2026 | H25: 15/11/2026 | I25: Cao | J25: Chưa bắt đầu | K25: 0% | L25: BE-21 | M25: GIỮ
A26: BE-23 | B26: Quy trình | C26: API gán việc cho tổ sửa chữa / đơn vị bên ngoài | D26: Gán và gỡ gán được, ghi lịch sử | E26: BE1 – Mỹ | F26: W10–W11 | G26: 09/11/2026 | H26: 22/11/2026 | I26: Cao | J26: Chưa bắt đầu | K26: 0% | L26: BE-22 | M26: GIỮ
A27: BE-24 | B27: Quy trình | C27: API cập nhật tiến độ, nghiệm thu, đóng việc kèm ảnh before/after | D27: POST /work-orders/{id}/evidence multipart: file, kind=before|after, captured_at, lat, lng | E27: BE1 – Mỹ | F27: W11 | G27: 16/11/2026 | H27: 22/11/2026 | I27: Cao | J27: Chưa bắt đầu | K27: 0% | L27: BE-23 | M27: SỬA | N27: FM-18 cần endpoint thật trước khi test tích hợp
A28: BE-25 | B28: Quy trình | C28: API việc trong ngày của tổ sửa chữa | D28: Mở app thấy đúng việc được gán, gom theo địa lý | E28: BE1 – Mỹ | F28: W11–W12 | G28: 16/11/2026 | H28: 29/11/2026 | I28: Cao | J28: Chưa bắt đầu | K28: 0% | L28: BE-23 | M28: GIỮ
A29: BE-26 | B29: Quy trình | C29: Hangfire: cảnh báo quá hạn + phát hiện node ngừng báo cáo | D29: Job chạy đúng giờ, không gửi trùng | E29: BE1 – Mỹ | F29: W12 | G29: 23/11/2026 | H29: 29/11/2026 | I29: Cao | J29: Chưa bắt đầu | K29: 0% | L29: BE-21 | M29: SỬA | N29: Thêm nhánh giám sát node IoT
A30: BE-27 | B30: Quy trình | C30: Module Notification: thông báo trong ứng dụng | D30: Đổi trạng thái là tổ sửa chữa nhận được thông báo | E30: BE1 – Mỹ | F30: W12 | G30: 23/11/2026 | H30: 29/11/2026 | I30: Trung bình | J30: Chưa bắt đầu | K30: 0% | L30: BE-26 | M30: SỬA | N30: Chốt tên bảng/entity cùng FE2-Ngọc trước W16 (FM-21 phụ thuộc)
A31: BE-28 | B31: Dashboard | C31: API thống kê: tỉ lệ đèn theo tình trạng, tỉ lệ khắc phục đúng hạn | D31: Số liệu khớp khi đối chiếu thủ công | E31: BE1 – Mỹ | F31: W13 | G31: 30/11/2026 | H31: 06/12/2026 | I31: Cao | J31: Chưa bắt đầu | K31: 0% | L31: BE-24 | M31: SỬA | N31: Trạng thái unknown phải đếm RIÊNG, không gộp vào out
A32: BE-29 | B32: Dashboard | C32: API bản đồ nhiệt điểm tối + phân tích vùng chưa phủ sáng | D32: Trả dữ liệu mật độ và danh sách nút giao/cầu chưa có đèn | E32: BE1 – Mỹ | F32: W13–W14 | G32: 30/11/2026 | H32: 13/12/2026 | I32: Cao | J32: Chưa bắt đầu | K32: 0% | L32: BE-14 | M32: GIỮ
A33: BE-30 | B33: Dashboard | C33: API so sánh tỉ lệ hỏng theo địa bàn / loại đèn / nhà cung cấp / năm lắp | D33: Lọc được theo nhiều chiều | E33: BE1 – Mỹ | F33: W14 | G33: 07/12/2026 | H33: 13/12/2026 | I33: Trung bình | J33: Chưa bắt đầu | K33: 0% | L33: BE-28 | M33: GIỮ
A34: BE-31 | B34: Dashboard | C34: API theo dõi warranty sắp hết hạn | D34: Danh sách đèn sắp hết bảo hành, xuất được báo cáo | E34: BE1 – Mỹ | F34: W14 | G34: 07/12/2026 | H34: 13/12/2026 | I34: Trung bình | J34: Chưa bắt đầu | K34: 0% | L34: BE-28 | M34: GIỮ
A35: BE-32 | B35: Dashboard | C35: Tối ưu truy vấn thống kê + thêm index | D35: Dashboard tải dưới 2 giây với dữ liệu thật | E35: BE1 – Mỹ | F35: W15 | G35: 14/12/2026 | H35: 20/12/2026 | I35: Trung bình | J35: Chưa bắt đầu | K35: 0% | L35: BE-30 | M35: GIỮ
A36: BE-33 | B36: Quản trị | C36: API quản trị danh mục: loại đèn, loại sự cố, ngưỡng, trọng số ưu tiên | D36: Sửa trọng số chấm điểm và ngưỡng dim_threshold_ratio không cần deploy lại | E36: BE1 – Mỹ | F36: W15–W16 | G36: 14/12/2026 | H36: 27/12/2026 | I36: Cao | J36: Chưa bắt đầu | K36: 0% | L36: BE-08 | M36: SỬA | N36: Ngưỡng mặc định theo Contract: dim 0.80, out 0.15
A37: BE-34 | B37: Quản trị | C37: API quản trị node IoT, phiên bản firmware, phiên bản model AI | D37: Truy được kết quả nào do model phiên bản nào sinh ra | E37: BE1 – Mỹ | F37: W16 | G37: 21/12/2026 | H37: 27/12/2026 | I37: Cao | J37: Chưa bắt đầu | K37: 0% | L37: BE-33 | M37: GIỮ | N37: Bắt buộc cho khả năng tái lập kết quả nghiên cứu
A38: BE-35 | B38: Quản trị | C38: Giám sát job xử lý và dung lượng lưu trữ ảnh | D38: Biết được job nào lỗi, còn bao nhiêu dung lượng | E38: BE1 – Mỹ | F38: W16–W17 | G38: 21/12/2026 | H38: 03/01/2027 | I38: Trung bình | J38: Chưa bắt đầu | K38: 0% | L38: BE-34 | M38: GIỮ
A39: BE-36 | B39: Hoàn thiện | C39: Test tích hợp với PostGIS thật (Testcontainers) | D39: Test chạy xanh, phủ các truy vấn không gian và truy vấn bbox | E39: BE1 – Mỹ | F39: W17–W18 | G39: 28/12/2026 | H39: 10/01/2027 | I39: Trung bình | J39: Chưa bắt đầu | K39: 0% | L39: BE-14 | M39: GIỮ
A40: BE-37 | B40: Hoàn thiện | C40: Sửa lỗi tích hợp khi ghép với frontend và engine CV | D40: Không còn lỗi chặn luồng chính | E40: BE1 – Mỹ | F40: W18–W20 | G40: 04/01/2027 | H40: 24/01/2027 | I40: Cao | J40: Chưa bắt đầu | K40: 0% | M40: GIỮ
A41: BE-38 | B41: Hoàn thiện | C41: Tài liệu API, README, hướng dẫn cài đặt | D41: Người mới clone về chạy được trong 15 phút | E41: BE1 – Mỹ | F41: W20–W21 | G41: 18/01/2027 | H41: 31/01/2027 | I41: Cao | J41: Chưa bắt đầu | K41: 0% | M41: GIỮ
A42: BE-39 | B42: Hoàn thiện | C42: Dữ liệu mẫu và kịch bản demo | D42: Demo chạy trơn không lỗi | E42: BE1 – Mỹ | F42: W20–W21 | G42: 18/01/2027 | H42: 31/01/2027 | I42: Cao | J42: Chưa bắt đầu | K42: 0% | M42: SỬA | N42: Dùng lại bộ mock GeoJSON ở FO-26 làm seed để demo khớp với những gì FE đã dựng
A43: BE-40 | B43: Sự cố | C43: API danh sách sự cố GET /faults (phân trang, KHÔNG phải GeoJSON) | D43: Lọc bbox/status/severity/fault_type/source_channel/cluster_id, sắp mặc định -priority_score, mỗi item có location{lat,lng} | E43: BE1 – Mỹ | F43: W8 | G43: 26/10/2026 | H43: 01/11/2026 | I43: Cao | J43: Chưa bắt đầu | K43: 0% | L43: BE-18 | M43: MỚI | N43: MỚI v2.0 — Contract mục 2.4. Trước đây không có task riêng cho endpoint này.
A44: BE-41 | B44: Sự cố | C44: Endpoint POST /faults nguồn field_report cho mobile | D44: Tổ khảo sát báo sự cố phát sinh tại chỗ, không bắt buộc gắn Pole có sẵn | E44: BE1 – Mỹ | F44: W13 | G44: 30/11/2026 | H44: 06/12/2026 | I44: Cao | J44: Chưa bắt đầu | K44: 0% | L44: BE-18 | M44: MỚI | N44: MỚI v2.0 — GIẢI QUYẾT cảnh báo liên WP ở FM-19: sheet Backend trước đây thiếu hẳn task này.
A45: BE-42 | B45: Khảo sát | C45: Entity LuxReading + API nhập số đo lux từ hiện trường | D45: Lưu được số đo lux kèm pole_id, thời điểm đo, người đo; truy vấn theo cột phục vụ CV-12 | E45: BE1 – Mỹ | F45: W4 | G45: 28/09/2026 | H45: 04/10/2026 | I45: Cao | J45: Hoàn thành | K45: 1 | L45: BE-09 | M45: MỚI | N45: MỚI v2.0 — GIẢI QUYẾT cảnh báo ở FM-14: entity lux_reading trước đây chưa có tên chính thức. ĐẨY LÊN W4 để kịp FO-14 ở W5.
A46: BE-43 | B46: Nền tảng | C46: API đồng bộ offline: GET /sync/bundle + POST /sync/push | D46: Gói dữ liệu theo segment cho mobile cache; khử trùng lặp theo client_op_id; trả conflicts[] khi xung đột | E46: BE1 – Mỹ | F46: W14–W15 | G46: 07/12/2026 | H46: 20/12/2026 | I46: Cao | J46: Chưa bắt đầu | K46: 0% | L46: BE-25 | M46: MỚI | N46: MỚI v2.0 — Contract mục 3. FM-20 (offline đầy đủ) phụ thuộc trực tiếp; trước đây không có task backend tương ứng.

Sheet IoT-Firmware
A1: IOT NODE & TELEMETRY · WP3 (BE2 – Đạt)
A2: Mã | B2: Nhóm | C2: Công việc | D2: Kết quả cần đạt | E2: Người phụ trách | F2: Tuần | G2: Bắt đầu | H2: Kết thúc | I2: Ưu tiên | J2: Trạng thái | K2: % hoàn thành | L2: Phụ thuộc | M2: Nguồn gốc | N2: Ghi chú | O2: W0 | P2: W1 | Q2: W2 | R2: W3 | S2: W4 | T2: W5 | U2: W6 | V2: W7 | W2: W8 | X2: W9 | Y2: W10 | Z2: W11 | AA2: W12 | AB2: W13 | AC2: W14 | AD2: W15 | AE2: W16 | AF2: W17 | AG2: W18 | AH2: W19 | AI2: W20 | AJ2: W21
A3: IOT-01 | B3: Phần cứng | C3: Khảo sát linh kiện và chốt BOM | D3: Danh sách: MCU, cảm biến dòng, cảm biến ánh sáng, RTC, module LoRa — có giá và nguồn mua | E3: BE2 – Đạt | F3: W1–W2 | G3: 07/09/2026 | H3: 20/09/2026 | I3: Cao | J3: Chưa bắt đầu | K3: 0% | L3: FO-04 | M3: GIỮ | N3: Đặt hàng sớm, thời gian giao là rủi ro lịch trình
A4: IOT-02 | B4: Phần cứng | C4: Dựng gateway LoRaWAN phạm vi bench | D4: Gateway tự dựng phủ được khu vực đặt bộ hiệu chuẩn; ghi nhận giới hạn phạm vi so với triển khai thực địa | E4: BE2 – Đạt | F4: W2 | G4: 14/09/2026 | H4: 20/09/2026 | I4: Cao | J4: Chưa bắt đầu | K4: 0% | L4: IOT-01 | M4: SỬA | N4: NHÁNH C: không cần khảo sát phủ sóng nông thôn. Ghi rõ trong báo cáo đây là giới hạn phạm vi đã biết.
A5: IOT-03 | B5: Phần cứng | C5: Nguyên mẫu breadboard: đo dòng và đo ánh sáng | D5: Đọc được dòng qua đèn và mức sáng môi trường trên bàn thí nghiệm | E5: BE2 – Đạt | F5: W3–W4 | G5: 21/09/2026 | H5: 04/10/2026 | I5: Cao | J5: Chưa bắt đầu | K5: 0% | L5: IOT-01 | M5: GIỮ
A6: IOT-04 | B6: Firmware | C6: Firmware v1: đọc cảm biến + mốc thời gian RTC | D6: Node ghi được chuỗi số đọc có timestamp chính xác | E6: BE2 – Đạt | F6: W4–W5 | G6: 28/09/2026 | H6: 11/10/2026 | I6: Cao | J6: Chưa bắt đầu | K6: 0% | L6: IOT-03 | M6: GIỮ
A7: IOT-05 | B7: Firmware | C7: Phát hiện on/off và tính runtime theo phiên đêm | D7: Tính đúng số giờ sáng của một đêm, kể cả khi qua nửa đêm | E7: BE2 – Đạt | F7: W5–W6 | G7: 05/10/2026 | H7: 18/10/2026 | I7: Cao | J7: Chưa bắt đầu | K7: 0% | L7: IOT-04 | M7: GIỮ | N7: Phải dùng khái niệm 'phiên đêm', không dùng ngày lịch
A8: IOT-06 | B8: Firmware | C8: Store-and-forward khi mất sóng | D8: Mất sóng 24h vẫn không mất dữ liệu, có sóng thì đẩy hết lên | E8: BE2 – Đạt | F8: W6–W7 | G8: 12/10/2026 | H8: 25/10/2026 | I8: Cao | J8: Chưa bắt đầu | K8: 0% | L8: IOT-05 | M8: GIỮ
A9: IOT-07 | B9: Firmware | C9: Định dạng payload tối ưu cho giới hạn LPWAN | D9: Một bản ghi đêm nằm gọn trong giới hạn payload | E9: BE2 – Đạt | F9: W7 | G9: 19/10/2026 | H9: 25/10/2026 | I9: Cao | J9: Chưa bắt đầu | K9: 0% | L9: IOT-06 | M9: GIỮ
A10: IOT-08 | B10: Telemetry | C10: Gateway + máy chủ mạng + chuyển tiếp lên backend | D10: Dữ liệu từ node đi hết chặng và tới được API | E10: BE2 – Đạt | F10: W7–W8 | G10: 19/10/2026 | H10: 01/11/2026 | I10: Cao | J10: Chưa bắt đầu | K10: 0% | L10: IOT-02 | M10: GIỮ
A11: IOT-09 | B11: Telemetry | C11: API ingest telemetry — idempotent theo (node_id, reading_time) | D11: Gửi lại cùng bản ghi không tạo bản trùng | E11: BE2 – Đạt | F11: W8 | G11: 26/10/2026 | H11: 01/11/2026 | I11: Cao | J11: Chưa bắt đầu | K11: 0% | L11: IOT-08 | M11: GIỮ | N11: Store-and-forward chắc chắn sẽ gửi trùng — phải xử lý từ đầu
A12: IOT-10 | B12: Telemetry | C12: Entity IotNode, TelemetryReading + migration + index theo thời gian | D12: Truy vấn chuỗi thời gian của một node dưới 1 giây; node_status theo enum Contract v1.0 | E12: BE2 – Đạt | F12: W8–W9 | G12: 26/10/2026 | H12: 08/11/2026 | I12: Cao | J12: Chưa bắt đầu | K12: 0% | L12: BE-03 | M12: SỬA | N12: Enum node_role/node_status theo API Contract v1.0 mục 1
A13: IOT-11 | B13: Telemetry | C13: Phát hiện node ngừng báo cáo | D13: Quá ngưỡng không nhận tin là sinh Fault loại node_offline | E13: BE2 – Đạt | F13: W9 | G13: 02/11/2026 | H13: 08/11/2026 | I13: Trung bình | J13: Chưa bắt đầu | K13: 0% | L13: IOT-10 | M13: SỬA | N13: fault_type = node_offline theo Contract
A14: IOT-12 | B14: Phần cứng | C14: Vỏ hộp chống nước và thiết kế lắp đặt (kiểm thử trong phòng) | D14: Vỏ hộp hoàn chỉnh, kiểm thử chống nước bằng phun nước mô phỏng; thiết kế gá lắp có bản vẽ | E14: BE2 – Đạt | F14: W9–W10 | G14: 02/11/2026 | H14: 15/11/2026 | I14: Trung bình | J14: Chưa bắt đầu | K14: 0% | L14: IOT-06 | M14: SỬA | N14: NHÁNH C: không phơi ngoài trời dài ngày được. Kiểm thử thay thế trong phòng, ghi rõ mức độ kiểm chứng đạt được.
A15: IOT-13 | B15: Phần cứng | C15: Hiệu chuẩn cảm biến dòng đối chiếu đồng hồ đo | D15: Sai số đo dòng nằm trong ngưỡng đã công bố | E15: BE2 – Đạt | F15: W10–W11 | G15: 09/11/2026 | H15: 22/11/2026 | I15: Cao | J15: Chưa bắt đầu | K15: 0% | L15: IOT-12 | M15: GIỮ | N15: Số liệu này phải đưa vào báo cáo
A16: IOT-14 | B16: Firmware | C16: Quy trình cập nhật firmware có kiểm soát | D16: Nạp lại được firmware ngoài hiện trường mà không tháo node | E16: BE2 – Đạt | F16: W11–W12 | G16: 16/11/2026 | H16: 29/11/2026 | I16: Trung bình | J16: Chưa bắt đầu | K16: 0% | L16: IOT-12 | M16: GIỮ
A17: IOT-15 | B17: Firmware | C17: Chịu lỗi: mất điện, tràn buffer, lệch RTC | D17: Node tự phục hồi sau các tình huống trên, có log | E17: BE2 – Đạt | F17: W12–W13 | G17: 23/11/2026 | H17: 06/12/2026 | I17: Cao | J17: Chưa bắt đầu | K17: 0% | L17: IOT-14 | M17: GIỮ
A18: IOT-16 | B18: Vận hành | C18: Theo dõi độ ổn định node trên bench + kiểm chứng pipeline bằng dữ liệu mô phỏng | D18: Hai số liệu TÁCH RIÊNG: (1) tỉ lệ bản ghi thật nhận được từ node bench, (2) kết quả pipeline chạy trên dữ liệu mô phỏng FO-25 | E18: BE2 – Đạt | F18: W11–W19 | G18: 16/11/2026 | H18: 17/01/2027 | I18: Cao | J18: Chưa bắt đầu | K18: 0% | L18: FO-17 | M18: SỬA | N18: TUYỆT ĐỐI KHÔNG trộn hai nguồn số liệu này khi báo cáo. Telemetry bench là dữ liệu thật; runtime suy giảm là mô phỏng.
A19: IOT-17 | B19: Vận hành | C19: Mô hình chi phí trên mỗi đèn được giám sát (ước tính có căn cứ) | D19: Con số chi phí/đèn dựa trên BOM thật đã mua + giả định số đèn phủ trên mỗi node, có phân tích độ nhạy theo mật độ cột | E19: BE2 – Đạt | F19: W19–W20 | G19: 11/01/2027 | H19: 24/01/2027 | I19: Cao | J19: Chưa bắt đầu | K19: 0% | L19: IOT-16 | M19: SỬA | N19: Chỉ số BẮT BUỘC (đóng góp cốt lõi của kiến trúc sparse IoT). NHÁNH C: là ƯỚC TÍNH từ BOM thật, không phải số đo triển khai. Phải nêu rõ giả định và dải giá trị.
A20: IOT-18 | B20: Hoàn thiện | C20: Tài liệu phần cứng: sơ đồ mạch, BOM, hướng dẫn lắp | D20: Người khác lắp lại được node từ tài liệu | E20: BE2 – Đạt | F20: W20–W21 | G20: 18/01/2027 | H20: 31/01/2027 | I20: Cao | J20: Chưa bắt đầu | K20: 0% | L20: IOT-15 | M20: GIỮ

Sheet CV-Analytics
A1: COMPUTER VISION & PHÂN TÍCH SỰ CỐ · WP4
A2: Mã | B2: Nhóm | C2: Công việc | D2: Kết quả cần đạt | E2: Người phụ trách | F2: Tuần | G2: Bắt đầu | H2: Kết thúc | I2: Ưu tiên | J2: Trạng thái | K2: % hoàn thành | L2: Phụ thuộc | M2: Nguồn gốc | N2: Ghi chú | O2: W0 | P2: W1 | Q2: W2 | R2: W3 | S2: W4 | T2: W5 | U2: W6 | V2: W7 | W2: W8 | X2: W9 | Y2: W10 | Z2: W11 | AA2: W12 | AB2: W13 | AC2: W14 | AD2: W15 | AE2: W16 | AF2: W17 | AG2: W18 | AH2: W19 | AI2: W20 | AJ2: W21
A3: CV-01 | B3: Chuẩn bị | C3: Xây pipeline trên bộ ảnh đêm công khai | D3: Pipeline chạy được end-to-end trên ảnh công khai đã chuẩn hoá ở FO-11 | E3: FE1 – Thịnh | F3: W2–W3 | G3: 14/09/2026 | H3: 27/09/2026 | I3: Cao | J3: Chưa bắt đầu | K3: 0% | L3: FO-02 | M3: SỬA | N3: NHÁNH C: đây là nguồn dữ liệu chính cho phần PHÁT HIỆN (CV-03, CV-04), không phải cho phần chuẩn hoá/phân loại dim.
A4: CV-02 | B4: Chuẩn bị | C4: Pipeline tiền xử lý: trích khung hình, khớp toạ độ, đọc metadata nếu có | D4: Mỗi khung hình có toạ độ; đánh dấu rõ khung nào CÓ metadata phơi sáng (bộ hiệu chuẩn) và khung nào KHÔNG (ảnh công khai) | E4: FE1 – Thịnh | F4: W3–W4 | G4: 21/09/2026 | H4: 04/10/2026 | I4: Cao | J4: Chưa bắt đầu | K4: 0% | L4: FO-11 | M4: SỬA | N4: Cờ has_exposure_metadata phải gắn từ bước này — toàn bộ nhánh chuẩn hoá CV-07/08 chỉ chạy trên khung có metadata.
A5: CV-03 | B5: Phát hiện | C5: Baseline detector: phát hiện đèn sáng / không sáng | D5: Precision và recall báo cáo riêng cho lớp out, đối chiếu kiểm tra thủ công | E5: FE1 – Thịnh | F5: W4–W6 | G5: 28/09/2026 | H5: 18/10/2026 | I5: Cao | J5: Chưa bắt đầu | K5: 0% | L5: FO-13 | M5: GIỮ | N5: Đây chỉ là mốc so sánh, KHÔNG phải kết quả cuối
A6: CV-04 | B6: Phát hiện | C6: Loại nguồn sáng gây nhiễu | D6: Đèn nhà, biển hiệu, đèn xe ngược chiều không bị nhận nhầm thành đèn đường | E6: FE1 – Thịnh | F6: W6–W7 | G6: 12/10/2026 | H6: 25/10/2026 | I6: Cao | J6: Chưa bắt đầu | K6: 0% | L6: CV-03 | M6: GIỮ
A7: CV-05 | B7: Phát hiện | C7: Pole association: khớp detection với đúng cột | D7: Dùng GPS + heading + hình học cột từ GIS | E7: FE1 – Thịnh | F7: W7–W8 | G7: 19/10/2026 | H7: 01/11/2026 | I7: Cao | J7: Chưa bắt đầu | K7: 0% | L7: BE-13 | M7: GIỮ | N7: Gán nhầm cột là gửi tổ sửa chữa đến sai chỗ
A8: CV-06 | B8: Phát hiện | C8: Đo độ chính xác pole association | D8: Tỉ lệ gán đúng cột, báo cáo kèm khoảng cách trung bình giữa các cột | E8: FE1 – Thịnh | F8: W8 | G8: 26/10/2026 | H8: 01/11/2026 | I8: Cao | J8: Chưa bắt đầu | K8: 0% | L8: CV-05 | M8: GIỮ | N8: Chỉ tiêu phi chức năng trong proposal
A9: CV-07 | B9: Chuẩn hoá | C9: Chuẩn hoá phơi sáng: mô hình ISO/shutter/aperture → cường độ | D9: Hai ảnh cùng bố trí khác thông số cho ra giá trị chuẩn hoá gần nhau, kiểm trên bộ hiệu chuẩn | E9: FE1 – Thịnh | F9: W6–W7 | G9: 12/10/2026 | H9: 25/10/2026 | I9: Cao | J9: Chưa bắt đầu | K9: 0% | L9: FO-15 | M9: SỬA | N9: Lõi kỹ thuật của cả đề tài. ĐẨY SỚM (W8→W6) vì dữ liệu hiệu chuẩn đã có từ W5. CHỈ chạy trên ảnh bộ hiệu chuẩn — ảnh công khai không có metadata.
A10: CV-08 | B10: Chuẩn hoá | C10: Chuẩn hoá khoảng cách (suy giảm bình phương nghịch đảo) | D10: Cùng một bóng chụp ở nhiều khoảng cách cho giá trị chuẩn hoá gần nhau | E10: FE1 – Thịnh | F10: W7–W8 | G10: 19/10/2026 | H10: 01/11/2026 | I10: Cao | J10: Chưa bắt đầu | K10: 0% | L10: CV-07 | M10: SỬA | N10: NHÁNH C có lợi thế: khoảng cách trên bộ hiệu chuẩn ĐO ĐƯỢC chính xác, không phải ước lượng từ GPS như ngoài đường.
A11: CV-09 | B11: Chuẩn hoá | C11: Kiểm chứng chuẩn hoá trên bộ hiệu chuẩn | D11: Giá trị chuẩn hoá bám sát mức suy giảm đã biết; báo cáo sai số theo từng mức suy giảm | E11: FE1 – Thịnh | F11: W8–W9 | G11: 26/10/2026 | H11: 08/11/2026 | I11: Cao | J11: Chưa bắt đầu | K11: 0% | L11: FO-14 | M11: SỬA | N11: ⚠ KIỂM CHỨNG CỐT LÕI CỦA NHÁNH C. Mức suy giảm biết trước chính xác → kiểm chứng này MẠNH HƠN đối chiếu lux ngoài đường. Đây là điểm mạnh cần nhấn trong báo cáo.
A12: CV-10 | B12: Phân loại | C12: LuminanceBaseline theo từng cột + cập nhật tăng dần | D12: Mỗi cột có chuỗi lịch sử riêng; API trả kèm baseline_value, dim_threshold_ratio, out_threshold_ratio | E12: FE1 – Thịnh | F12: W11–W12 | G12: 16/11/2026 | H12: 29/11/2026 | I12: Cao | J12: Chưa bắt đầu | K12: 0% | L12: CV-08 | M12: SỬA | N12: KHÔNG so sánh giữa các cột khác nhau. Cấu trúc trả về theo API Contract v1.0 mục 2.2.
A13: CV-11 | B13: Phân loại | C13: Phân loại normal/dim/out từ độ lệch so với baseline riêng | D13: Phân loại 4 giá trị normal/dim/out/unknown; báo cáo chỉ số riêng từng lớp và TÁCH RIÊNG hai nguồn dữ liệu | E13: FE1 – Thịnh | F13: W10–W12 | G13: 09/11/2026 | H13: 29/11/2026 | I13: Cao | J13: Chưa bắt đầu | K13: 0% | L13: CV-10 | M13: SỬA | N13: Đóng góp nghiên cứu chính. NHÁNH C: chỉ số trên bộ hiệu chuẩn (có ground truth thật) và trên ảnh công khai (nhãn cảm quan) phải báo cáo riêng, không gộp.
A14: CV-12 | B14: Phân loại | C14: Đối chiếu phân loại 'dim' với số đo lux trên bộ hiệu chuẩn | D14: Thống kê mức độ đồng thuận giữa hệ thống và lux meter, kèm khoảng tin cậy | E14: FE1 – Thịnh | F14: W12–W13 | G14: 23/11/2026 | H14: 06/12/2026 | I14: Cao | J14: Chưa bắt đầu | K14: 0% | L14: BE-42 | M14: SỬA | N14: TRẢ LỜI RQ1. NHÁNH C: toàn bộ trên bộ hiệu chuẩn. Phạm vi hẹp hơn thực địa nhưng ground truth sạch hơn — nêu cả hai mặt trong bàn luận.
A15: CV-13 | B15: Phân loại | C15: So sánh hiệu năng trên ảnh khoá phơi sáng vs tự động | D15: Định lượng được khoá phơi sáng đóng góp bao nhiêu | E15: FE1 – Thịnh | F15: W13 | G15: 30/11/2026 | H15: 06/12/2026 | I15: Cao | J15: Chưa bắt đầu | K15: 0% | L15: FO-16 | M15: GIỮ | N15: BẢO TOÀN NGUYÊN VẸN Ở NHÁNH C — trả lời được đầy đủ trên bộ hiệu chuẩn, thậm chí sạch hơn ngoài đường vì kiểm soát được biến.
A16: CV-14 | B16: Phân tích | C16: Thuật toán phát hiện suy giảm runtime + kiểm chứng trên dữ liệu mô phỏng | D16: Thuật toán phát hiện được xu hướng suy giảm; báo cáo lead time phát hiện được ở từng mức nhiễu mô phỏng | E16: FE1 – Thịnh | F16: W14–W16 | G16: 07/12/2026 | H16: 27/12/2026 | I16: Cao | J16: Chưa bắt đầu | K16: 0% | L16: FO-25 | M16: SỬA | N16: ⚠ HẠ PHẠM VI Ở NHÁNH C: RQ2 chuyển từ 'runtime có suy giảm dự đoán được không' (câu hỏi thực nghiệm) sang 'thuật toán phát hiện được suy giảm ở mức nhiễu nào' (câu hỏi thuật toán). Phải viết lại RQ2 trong proposal ở FO-24.
A17: CV-15 | B17: Phân tích | C17: Spatial clustering suy luận nguyên nhân theo tuyến/feeder | D17: Nhiều cột tối liền kề trên cùng feeder được gom thành 1 sự cố đoạn, sinh cluster_id và fault_type=segment_outage | E17: FE1 – Thịnh | F17: W16–W17 | G17: 21/12/2026 | H17: 03/01/2027 | I17: Cao | J17: Chưa bắt đầu | K17: 0% | L17: BE-13 | M17: SỬA | N17: Output khớp Contract: cluster_id + segment.has_active_segment_fault để FE highlight cả tuyến
A18: CV-16 | B18: Phân tích | C18: Chấm điểm ưu tiên đa tiêu chí | D18: Điểm ưu tiên kết hợp mức nghiêm trọng, tầm quan trọng tuyến, gần trường/chợ/cầu (near_sensitive_poi) | E18: FE1 – Thịnh | F18: W17 | G18: 28/12/2026 | H18: 03/01/2027 | I18: Cao | J18: Chưa bắt đầu | K18: 0% | L18: CV-15 | M18: SỬA | N18: THAY ĐỔI v2.0 — không còn đối tác để thống nhất trọng số. Trọng số do nhóm tự định nghĩa, CĂN CỨ tiêu chuẩn chiếu sáng đường bộ VN, tài liệu hoá rõ trong proposal và cho phép cấu hình ở BE-33.
... A20: CV-18 | B20: Đánh giá | C20: Đánh giá trên tập held-out (ảnh công khai + bố trí hiệu chuẩn) | D20: Precision/recall/F1 TÁCH RIÊNG theo lớp (out/dim) VÀ theo nguồn dữ liệu (hiệu chuẩn / ảnh công khai) | E20: FE1 – Thịnh | F20: W17–W19 | G20: 28/12/2026 | H20: 17/01/2027 | I20: Cao | J20: Chưa bắt đầu | K20: 0% | L20: FO-20 | M20: SỬA | N20: Tuyệt đối không báo cáo chỉ số gộp — không gộp theo lớp, cũng không gộp theo nguồn dữ liệu.
A21: CV-19 | B21: Đánh giá | C21: Quản lý phiên bản model + khả năng tái lập | D21: Chạy lại được đúng kết quả từ cùng dữ liệu và cùng phiên bản | E21: FE1 – Thịnh | F21: W19 | G21: 11/01/2027 | H21: 17/01/2027 | I21: Trung bình | J21: Chưa bắt đầu | K21: 0% | L21: BE-34 | M21: GIỮ
A22: CV-20 | B22: Đánh giá | C22: Viết phần kết quả và phần Threats to Validity | D22: Đủ bảng số liệu, biểu đồ; phần giới hạn nêu rõ: không có thử nghiệm thực địa, RQ2 dựa trên mô phỏng, ground truth chỉ từ bộ hiệu chuẩn | E22: FE1 – Thịnh | F22: W20–W21 | G22: 18/01/2027 | H22: 31/01/2027 | I22: Cao | J22: Chưa bắt đầu | K22: 0% | L22: CV-18 | M22: SỬA | N22: Viết phần giới hạn CHỦ ĐỘNG và đầy đủ. Hội đồng phát hiện ra giới hạn mà báo cáo không nêu thì nặng hơn nhiều so với tự nêu trước.
A23: CV-21 | B23: Đánh giá | C23: Phân tích độ nhạy: pipeline chịu được mức nhiễu/thiếu metadata đến đâu | D23: Bảng: chất lượng phân loại suy giảm thế nào khi giảm độ phân giải, thêm nhiễu, mất metadata phơi sáng | E23: FE1 – Thịnh | F23: W16–W17 | G23: 21/12/2026 | H23: 03/01/2027 | I23: Cao | J23: Chưa bắt đầu | K23: 0% | L23: CV-11 | M23: SỬA | N23: ĐỔI MỤC ĐÍCH Ở NHÁNH C: đây là cách mạnh nhất để suy luận về khả năng áp dụng thực địa khi không có dữ liệu thực địa. Biến điểm yếu thành đóng góp nghiên cứu.

Sheet Frontend-Desktop
A1: FRONTEND MÁY TÍNH — Quản lý · Kỹ sư bảo trì · Quản trị · WP5 (FE2 – Ngọc)
A2: Mã | B2: Nhóm | C2: Công việc | D2: Kết quả cần đạt | E2: Người phụ trách | F2: Tuần | G2: Bắt đầu | H2: Kết thúc | I2: Ưu tiên | J2: Trạng thái | K2: % hoàn thành | L2: Phụ thuộc | M2: Nguồn gốc | N2: Ghi chú | O2: W0 | P2: W1 | Q2: W2 | R2: W3 | S2: W4 | T2: W5 | U2: W6 | V2: W7 | W2: W8 | X2: W9 | Y2: W10 | Z2: W11 | AA2: W12 | AB2: W13 | AC2: W14 | AD2: W15 | AE2: W16 | AF2: W17 | AG2: W18 | AH2: W19 | AI2: W20 | AJ2: W21
A3: FW-00 | B3: Nền tảng chung | C3: Buổi review API Contract v1.0 giữa BE và FE trước khi code sâu | D3: Cả WP2/WP5/WP6 xác nhận từng enum và từng endpoint; mọi thắc mắc ghi thành issue trước khi ai code | E3: Cả nhóm | F3: W1 | G3: 07/09/2026 | H3: 13/09/2026 | I3: Cao | J3: Hoàn thành | K3: 100% | M3: MỚI | N3: MỚI v2.0 — contract đã chốt 23/08/2026. Một buổi 90 phút ở đây rẻ hơn 2 tuần sửa tích hợp ở W18.
A4: FW-01 | B4: Nền tảng chung | C4: Web SPA: Khởi tạo React + Vite + TypeScript + TailwindCSS | D4: Project chạy dev mượt mà, cấu hình lint/format/paths chuẩn | E4: FE2 – Ngọc | F4: W1 | G4: 07/09/2026 | H4: 13/09/2026 | I4: Cao | J4: Hoàn thành | K4: 100% | M4: GIỮ | N4: Khung Web SPA thay thế Electron Desktop
A5: FW-02 | B5: Nền tảng chung | C5: Lớp gọi API Axios + Sinh TypeScript Types từ OpenAPI backend | D5: Không gõ type thủ công, đồng bộ 100% schema với Backend | E5: FE2 – Ngọc | F5: W1–W2 | G5: 07/09/2026 | H5: 20/09/2026 | I5: Cao | J5: Hoàn thành | K5: 100% | L5: FW-01 | M5: GIỮ | N5: Trong lúc chờ BE-05, gõ type tay theo API Contract v1.0 rồi thay bằng type sinh tự động sau
A6: FW-03 | B6: Nền tảng chung | C6: UI Design System & Bộ Tokens dùng chung | D6: Bộ component UI dùng chung (Button, Table, Modal, Badge, Tag...) | E6: FE2 – Ngọc | F6: W1–W2 | G6: 07/09/2026 | H6: 20/09/2026 | I6: Cao | J6: Hoàn thành | K6: 100% | L6: FW-01 | M6: GIỮ
A7: FW-04 | B7: Nền tảng chung | C7: Thiết kế Wireframe & UI/UX Prototype toàn bộ các Tab trên Figma | D7: File Figma đầy đủ các màn hình cho 4 Role, cả nhóm FE duyệt trước khi code | E7: FE2 – Ngọc | F7: W2–W3 | G7: 14/09/2026 | H7: 27/09/2026 | I7: Cao | J7: Hoàn thành | K7: 100% | L7: FW-03 | M7: GIỮ
A8: FW-05 | B8: Nền tảng chung | C8: Màn Đăng nhập + Quản lý Auth Token + Tự động Refresh | D8: Đăng nhập an toàn, tự động làm mới token, không bị văng phiên làm việc | E8: FE3 – Khang | F8: W2 | G8: 14/09/2026 | H8: 20/09/2026 | I8: Cao | J8: Đang làm | K8: 0% | L8: FW-02 | M8: GIỮ
A9: FW-06 | B9: Nền tảng chung | C9: Khung giao diện Web (Sidebar/Header) + Phân quyền Menu theo 4 Role | D9: Menu sidebar tự động ẩn/hiện đúng theo quyền | E9: FE3 – Khang | F9: W2–W3 | G9: 14/09/2026 | H9: 27/09/2026 | I9: Cao | J9: Chưa bắt đầu | K9: 0% | L9: FW-04 | M9: SỬA | N9: Đổi sang 4 vai trò của LuxMap (bỏ Citizen)
A10: FW-07 | B10: Nền tảng chung | C10: GIS Core: Tích hợp MapLibre GL JS + Nguồn Tile | D10: Bản đồ tải mượt, hỗ trợ zoom, pan, marker custom theo trạng thái | E10: FE2 – Ngọc | F10: W1–W2 | G10: 07/09/2026 | H10: 20/09/2026 | I10: Cao | J10: Đang review | K10: 0% | M10: SỬA | N10: CHỐT: MapLibre GL JS (không Leaflet) — cần vector + cluster sẵn có. Nền OSM raster, kiểm tra độ phủ đường nông thôn bằng toạ độ thật trước khi chốt.
A11: FW-33 | B11: Nền tảng chung | C11: Map shell + symbology + legend theo API Contract v1.0 | D11: Map toàn màn hình + panel trượt; 4 màu trạng thái (normal/dim/out/unknown), phân biệt grid/solar, icon phụ has_iot_node và near_sensitive_poi, legend rõ ràng | E11: FE3 – Khang | F11: W2–W3 | G11: 14/09/2026 | H11: 27/09/2026 | I11: Cao | J11: Chưa bắt đầu | K11: 0% | L11: FW-07 | M11: MỚI | N11: MỚI v2.0 — LÀM ĐƯỢC NGAY bằng mock GeoJSON (FO-26), không chờ BE. unknown phải có ký hiệu riêng, KHÔNG gộp màu với out.
A12: FW-34 | B12: Nền tảng chung | C12: Đồng bộ trạng thái bản đồ vào URL | D12: URL dạng ?lat=&lng=&zoom=&pole=&status= — chia sẻ link mở đúng khung nhìn | E12: FE3 – Khang | F12: W3 | G12: 21/09/2026 | H12: 27/09/2026 | I12: Trung bình | J12: Chưa bắt đầu | K12: 0% | L12: FW-33 | M12: MỚI | N12: MỚI v2.0 — làm sớm, thêm sau rất khó vì phải sửa toàn bộ routing
A13: FW-08 | B13: Kỹ sư bảo trì | C13: [Tab Bản đồ GIS] Lớp Cột đèn (Point), Tuyến đường & Feeder (LineString) | D13: Render FeatureCollection từ GET /poles và /segments; cluster ở zoom xa, từng cột ở zoom gần | E13: FE3 – Khang | F13: W4–W5 | G13: 28/09/2026 | H13: 11/10/2026 | I13: Cao | J13: Chưa bắt đầu | K13: 0% | L13: FW-33 | M13: SỬA | N13: GỠ CHẶN v2.0 — không chờ BE-14 nữa, bắt đầu ngay bằng mock. Đổi phụ thuộc BE-14 → FW-33.
A14: FW-09 | B14: Kỹ sư bảo trì | C14: [Tab Bản đồ GIS] Lọc tài sản theo bbox & Đồng bộ danh sách | D14: Kéo bản đồ tới đâu danh sách lọc theo vùng nhìn; >2000 cột hiển thị 'Phóng to để xem chi tiết' | E14: FE3 – Khang | F14: W5 | G14: 05/10/2026 | H14: 11/10/2026 | I14: Trung bình | J14: Chưa bắt đầu | K14: 0% | L14: FW-08 | M14: SỬA | N14: Xử lý sẵn mã lỗi 413 BBOX_TOO_LARGE theo Contract
A15: FW-10 | B15: Kỹ sư bảo trì | C15: [Tab Quản lý tài sản] Form đăng ký/sửa Cột, Đèn, Nguồn, Bảo hành | D15: Kỹ sư thêm mới, sửa thông số cột trực tiếp trên Web/Bản đồ | E15: FE3 – Khang | F15: W5–W6 | G15: 05/10/2026 | H15: 18/10/2026 | I15: Cao | J15: Chưa bắt đầu | K15: 0% | L15: BE-12 | M15: GIỮ
A16: FW-11 | B16: Kỹ sư bảo trì | C16: [Tab Quản lý tài sản] Import kiểm kê từ CSV + Báo lỗi từng dòng | D16: Tải lên hàng trăm cột cùng lúc, hiển thị rõ dòng nào bị lỗi format | E16: FE3 – Khang | F16: W6 | G16: 12/10/2026 | H16: 18/10/2026 | I16: Trung bình | J16: Chưa bắt đầu | K16: 0% | L16: FW-10 | M16: GIỮ | N16: Nhập dữ liệu khảo sát thực địa FO-10
A17: FW-12 | B17: Kỹ sư bảo trì | C17: [Tab Duyệt sự cố] Hàng đợi duyệt: so sánh ảnh đêm với ảnh tham chiếu | D17: Xem 2 ảnh cạnh nhau; nút Xác nhận / Đổi loại / Bác bỏ; nút bị disable nếu chuyển trạng thái không hợp lệ | E17: FE3 – Khang | F17: W8–W9 | G17: 26/10/2026 | H17: 08/11/2026 | I17: Cao | J17: Chưa bắt đầu | K17: 0% | L17: BE-19 | M17: SỬA | N17: Luồng trạng thái hợp lệ ở Contract mục 2.5 — disable trước, đừng để user bấm rồi nhận 409
A18: FW-13 | B18: Kỹ sư bảo trì | C18: [Tab Hồ sơ cột đèn] Biểu đồ Luminance Trend & Solar Runtime Trend | D18: Biểu đồ vẽ baseline_ratio (KHÔNG phải giá trị tuyệt đối) kèm đường ngưỡng dim_threshold_ratio; biểu đồ thứ 2 vẽ runtime_hours theo đêm | E18: FE3 – Khang | F18: W6–W7 | G18: 12/10/2026 | H18: 25/10/2026 | I18: Cao | J18: Chưa bắt đầu | K18: 0% | L18: FW-33 | M18: SỬA | N18: GỠ CHẶN + ĐẨY SỚM v2.0 (W9→W6): mock-pole-detail.json đã có sẵn chuỗi 30 đêm. Đây là màn thể hiện rõ nhất 'dim là tính toán, không phải cảm quan'.
A19: FW-14 | B19: Kỹ sư bảo trì | C19: [Tab Cụm sự cố] Quản lý Cụm sự cố (Clustering) theo Feeder | D19: Highlight CẢ TUYẾN khi segment.has_active_segment_fault=true, không chỉ từng chấm; xác nhận/ghi đè nguyên nhân gốc | E19: FE3 – Khang | F19: W10–W11 | G19: 09/11/2026 | H19: 22/11/2026 | I19: Cao | J19: Chưa bắt đầu | K19: 0% | L19: CV-15 | M19: SỬA | N19: Mock SEG-003 đã cài sẵn cụm sự cố đoạn để test luồng này ngay từ W3
A20: FW-15 | B20: Kỹ sư bảo trì | C20: [Tab Lệnh sửa chữa] Tạo Work Order từ sự cố đã duyệt + Gom nhóm địa lý | D20: Một click gom các cột gần nhau thành 1 Work Order gửi tổ sửa chữa | E20: FE3 – Khang | F20: W12 | G20: 23/11/2026 | H20: 29/11/2026 | I20: Cao | J20: Chưa bắt đầu | K20: 0% | L20: BE-21 | M20: GIỮ
A21: FW-16 | B21: Kỹ sư bảo trì | C21: [Tab Lệnh sửa chữa] Bảng theo dõi tiến độ + Nghiệm thu ảnh Before/After | D21: Kỹ sư nghiệm thu chất lượng sửa chữa qua ảnh trước khi đóng việc | E21: FE3 – Khang | F21: W12–W13 | G21: 23/11/2026 | H21: 06/12/2026 | I21: Cao | J21: Chưa bắt đầu | K21: 0% | L21: FW-15 | M21: GIỮ
A22: FW-17 | B22: Cơ quan quản lý | C22: [Tab Bản đồ giám sát] Bản đồ giám sát tổng thể mạng lưới | D22: Xem toàn cảnh tình trạng chiếu sáng và sự cố tồn đọng | E22: FE3 – Khang | F22: W13–W14 | G22: 30/11/2026 | H22: 13/12/2026 | I22: Cao | J22: Chưa bắt đầu | K22: 0% | L22: BE-14 | M22: GIỮ
A23: FW-18 | B23: Cơ quan quản lý | C23: [Tab Phân tích vùng tối] Bản đồ nhiệt điểm tối & Nút giao/Cầu | D23: Nhận diện trực quan các điểm đen thiếu sáng cần đầu tư lắp đặt | E23: FE3 – Khang | F23: W14–W15 | G23: 07/12/2026 | H23: 20/12/2026 | I23: Cao | J23: Chưa bắt đầu | K23: 0% | L23: BE-29 | M23: GIỮ
A24: FW-19 | B24: Cơ quan quản lý | C24: [Tab Duyệt kế hoạch] Duyệt danh sách sự cố ưu tiên & Phê duyệt đợt | D24: Duyệt theo lô công việc kèm dự toán kinh phí sửa chữa | E24: FE3 – Khang | F24: W14 | G24: 07/12/2026 | H24: 13/12/2026 | I24: Cao | J24: Chưa bắt đầu | K24: 0% | L24: BE-28 | M24: GIỮ
A25: FW-20 | B25: Cơ quan quản lý | C25: [Tab Dashboard báo cáo] Thẻ KPI: tỉ lệ sáng/mờ/tắt/chưa rõ, tỉ lệ đúng hạn SLA | D25: Hiển thị các chỉ số vận hành trọng tâm; unknown là thẻ RIÊNG | E25: FE3 – Khang | F25: W13–W14 | G25: 30/11/2026 | H25: 13/12/2026 | I25: Cao | J25: Chưa bắt đầu | K25: 0% | L25: BE-28 | M25: SỬA | N25: BỔ SUNG v2.0: thêm chỉ số unknown (độ phủ sweep) — đây cũng là chỉ số chất lượng khảo sát
A26: FW-21 | B26: Cơ quan quản lý | C26: [Tab Dashboard báo cáo] Biểu đồ so sánh tỉ lệ hỏng đa chiều | D26: Phân tích theo địa bàn/loại đèn/NCC/năm lắp | E26: FE3 – Khang | F26: W15 | G26: 14/12/2026 | H26: 20/12/2026 | I26: Trung bình | J26: Chưa bắt đầu | K26: 0% | L26: BE-30 | M26: GIỮ
A27: FW-22 | B27: Cơ quan quản lý | C27: [Tab Giám sát bảo hành] Theo dõi đèn sắp hết hạn bảo hành + Xuất PDF/CSV | D27: Cảnh báo tài sản sắp hết bảo hành | E27: FE3 – Khang | F27: W15–W16 | G27: 14/12/2026 | H27: 27/12/2026 | I27: Trung bình | J27: Chưa bắt đầu | K27: 0% | L27: BE-31 | M27: GIỮ
A28: FW-23 | B28: Quản trị hệ thống | C28: [Tab Quản lý người dùng] Quản lý tài khoản & Phân vai theo địa bàn | D28: Tạo tài khoản, khóa/mở khóa, gán quyền theo địa bàn/vai trò (RBAC) | E28: FE3 – Khang | F28: W16 | G28: 21/12/2026 | H28: 27/12/2026 | I28: Cao | J28: Chưa bắt đầu | K28: 0% | L28: BE-33 | M28: GIỮ
A29: FW-24 | B29: Quản trị hệ thống | C29: [Tab Cấu hình danh mục] Danh mục loại đèn, loại sự cố, ngưỡng cảnh báo | D29: Sửa ngưỡng dim/out không cần can thiệp database | E29: FE3 – Khang | F29: W16–W17 | G29: 21/12/2026 | H29: 03/01/2027 | I29: Cao | J29: Chưa bắt đầu | K29: 0% | L29: BE-33 | M29: GIỮ
A30: FW-25 | B30: Quản trị hệ thống | C30: [Tab Trọng số ưu tiên] Cấu hình trọng số chấm điểm sự cố | D30: Điều chỉnh công thức chấm điểm mà không cần deploy lại code | E30: FE3 – Khang | F30: W17 | G30: 28/12/2026 | H30: 03/01/2027 | I30: Cao | J30: Chưa bắt đầu | K30: 0% | L30: FW-24 | M30: GIỮ
A31: FW-26 | B31: Quản trị hệ thống | C31: [Tab Thiết bị IoT & AI] Quản lý Node IoT, Firmware & Model AI | D31: Xem node nào đang chạy, truy vết kết quả do model phiên bản nào tạo | E31: FE3 – Khang | F31: W17 | G31: 28/12/2026 | H31: 03/01/2027 | I31: Trung bình | J31: Chưa bắt đầu | K31: 0% | L31: BE-34 | M31: GIỮ
A32: FW-27 | B32: Quản trị hệ thống | C32: [Tab Giám sát hệ thống] Giám sát Job xử lý sweep & Dung lượng MinIO | D32: Biết sweep nào xử lý lỗi, cảnh báo dung lượng lưu trữ ảnh | E32: FE3 – Khang | F32: W17–W18 | G32: 28/12/2026 | H32: 10/01/2027 | I32: Trung bình | J32: Chưa bắt đầu | K32: 0% | L32: BE-35 | M32: GIỮ
A33: FW-28 | B33: Giám sát khảo sát | C33: [Tab Quản lý Sweep] Theo dõi đợt quét: độ phủ, chất lượng ảnh, tiến độ AI | D33: Biết sweep nào lỗi, đoạn nào thiếu ảnh, tiến độ AI xử lý | E33: FE3 – Khang | F33: W11–W12 | G33: 16/11/2026 | H33: 29/11/2026 | I33: Trung bình | J33: Chưa bắt đầu | K33: 0% | L33: BE-17 | M33: GIỮ
A34: FW-29 | B34: Hoàn thiện & Test | C34: [Tab Bảng điều phối] Bảng điều phối công việc (Kanban) kèm cảnh báo SLA | D34: Sắp xếp, lọc theo mức độ khẩn cấp, sắp/đã quá hạn xử lý | E34: FE3 – Khang | F34: W12–W13 | G34: 23/11/2026 | H34: 06/12/2026 | I34: Cao | J34: Chưa bắt đầu | K34: 0% | L34: FW-15 | M34: GIỮ
A35: FW-30 | B35: Hoàn thiện & Test | C35: [Toàn bộ Web App] Rà soát 4 trạng thái mọi màn: Loading, Has-Data, Empty, Error | D35: Không màn hình nào bị trắng trang khi lỗi hoặc chưa có dữ liệu | E35: FE3 – Khang | F35: W18–W19 | G35: 04/01/2027 | H35: 17/01/2027 | I35: Cao | J35: Chưa bắt đầu | K35: 0% | M35: GIỮ
A36: FW-31 | B36: Hoàn thiện & Test | C36: [Toàn bộ Web App] Kiểm thử Responsive 1366px–2560px + Đa trình duyệt | D36: Giao diện không vỡ bố cục trên Chrome, Edge, Firefox, Safari | E36: FE3 – Khang | F36: W19 | G36: 11/01/2027 | H36: 17/01/2027 | I36: Cao | J36: Chưa bắt đầu | K36: 0% | L36: FW-30 | M36: GIỮ
A37: FW-32 | B37: Hoàn thiện & Test | C37: [Toàn bộ Web App] Sửa lỗi tích hợp API + Chụp ảnh giao diện làm báo cáo | D37: Đủ bộ ảnh chụp màn hình hoàn chỉnh cho slide và tài liệu nghiệm thu | E37: FE3 – Khang | F37: W20–W21 | G37: 18/01/2027 | H37: 31/01/2027 | I37: Cao | J37: Chưa bắt đầu | K37: 0% | L37: FW-31 | M37: GIỮ

Sheet Frontend-Mobile
A1: FRONTEND DI ĐỘNG — Tổ khảo sát/sửa chữa · WP6 (FE1 – Thịnh)
A2: Mã | B2: Nhóm | C2: Công việc | D2: Kết quả cần đạt | E2: Người phụ trách | F2: Tuần | G2: Bắt đầu | H2: Kết thúc | I2: Ưu tiên | J2: Trạng thái | K2: % hoàn thành | L2: Phụ thuộc | M2: Nguồn gốc | N2: Ghi chú | O2: W0 | P2: W1 | Q2: W2 | R2: W3 | S2: W4 | T2: W5 | U2: W6 | V2: W7 | W2: W8 | X2: W9 | Y2: W10 | Z2: W11 | AA2: W12 | AB2: W13 | AC2: W14 | AD2: W15 | AE2: W16 | AF2: W17 | AG2: W18 | AH2: W19 | AI2: W20 | AJ2: W21
A3: FM-01 | B3: Nền tảng | C3: Khởi tạo dự án Android native (Kotlin + Jetpack Compose) + ktlint/detekt | D3: App chạy được trên máy thật, cấu trúc package theo tính năng, Hilt DI gắn sẵn | E3: FE1 – Thịnh | F3: W1 | G3: 07/09/2026 | H3: 13/09/2026 | I3: Cao | J3: Hoàn thành | K3: 1 | M3: SỬA | N3: Viết lại hoàn toàn. Khung app chỉ dựng CHO MỘT vai trò (Tổ khảo sát/sửa chữa) — không có màn chọn loại tài khoản.
A4: FM-02 | B4: Nền tảng | C4: Design system mobile (Compose Theme) theo bộ token chung | D4: Component Compose cơ bản dùng lại được trong toàn app | E4: FE1 – Thịnh | F4: W1–W2 | G4: 07/09/2026 | H4: 20/09/2026 | I4: Cao | J4: Hoàn thành | K4: 1 | L4: FW-03 | M4: SỬA | N4: Dùng chung GIÁ TRỊ token với Web, triển khai lại native. Nút tối thiểu 48×48dp, dark mode mặc định cho màn dùng ban đêm.
A5: FM-03 | B5: Nền tảng | C5: Wireframe luồng khảo sát và luồng tổ sửa chữa | D5: Cả nhóm thống nhất trước khi code — cả hai luồng thuộc chung một vai trò, một tài khoản | E5: FE1 – Thịnh | F5: W2–W3 | G5: 14/09/2026 | H5: 27/09/2026 | I5: Cao | J5: Hoàn thành | K5: 1 | M5: GIỮ | N5: Không thiết kế màn chọn vai trò
A6: FM-04 | B6: Nền tảng | C6: Lớp API (Retrofit + kotlinx.serialization) sinh từ OpenAPI + xử lý mạng yếu | D6: DTO Kotlin sinh tự động qua openapi-generator, có retry khi mạng yếu | E6: FE1 – Thịnh | F6: W2–W3 | G6: 14/09/2026 | H6: 27/09/2026 | I6: Cao | J6: Đang làm | K6: 0.7 | L6: BE-05 | M6: SỬA | N6: Android không dùng chung code với Web, chỉ chung HỢP ĐỒNG API Contract v1.0. Không tự đặt tên field khác backend.
A7: FM-05 | B7: Nền tảng | C7: Đăng nhập + secure storage + tự làm mới token | D7: Không bị đăng xuất giữa chừng | E7: FE1 – Thịnh | F7: W3 | G7: 21/09/2026 | H7: 27/09/2026 | I7: Cao | J7: Hoàn thành | K7: 1 | L7: FM-04 | M7: GIỮ | N7: Refresh token thời hạn dài vì hiện trường có thể mất mạng nhiều ngày. Dùng mock nếu BE-07 chưa xong.
A8: FM-06 | B8: Bản đồ | C8: Prototype bản đồ và cột đèn bằng mock GeoJSON (MapLibre Native Android SDK) | D8: Hiển thị marker/cluster mượt; phân biệt normal/dim/out/unknown; chạm cột mở bottom sheet chi tiết | E8: FE1 – Thịnh | F8: W3–W4 | G8: 21/09/2026 | H8: 04/10/2026 | I8: Cao | J8: Hoàn thành | K8: 1 | L8: FM-03 | M8: SỬA | N8: ƯU TIÊN SAU FM-03. Chưa gọi API. Mock theo API Contract v1.1: FeatureCollection, tọa độ [lng, lat], pole_id opaque; có grid/solar, has_iot_node, near_sensitive_poi; chuẩn bị bbox và trạng thái 'Phóng to để xem chi tiết'.
A9: FM-07 | B9: Bản đồ | C9: Lấy vị trí thiết bị + xin quyền + xử lý khi bị từ chối | D9: Thông báo rõ khi bị chặn quyền | E9: FE1 – Thịnh | F9: W4 | G9: 28/09/2026 | H9: 04/10/2026 | I9: Cao | J9: Hoàn thành | K9: 1 | L9: FM-06 | M9: GIỮ
A10: FM-08 | B10: Khảo sát | C10: Ghi log GPS + heading liên tục trong suốt sweep | D10: Chuỗi toạ độ và hướng đủ dày để khớp từng SurveyFrame — heading từ SensorManager.TYPE_ROTATION_VECTOR, KHÔNG suy diễn từ GPS | E10: FE1 – Thịnh | F10: W4–W6 | G10: 28/09/2026 | H10: 18/10/2026 | I10: Cao | J10: Chưa bắt đầu | K10: 0% | L10: FM-07 | M10: GIỮ | N10: Không có heading thì không làm được pole association ở CV-05. Chốt kỹ thuật này trước khi code.
A11: FM-09 | B11: Khảo sát | C11: Màn lập kế hoạch tuyến khảo sát | D11: Chọn RoadSegment, xem trước lộ trình và số Pole dự kiến | E11: FE1 – Thịnh | F11: W6–W7 | G11: 12/10/2026 | H11: 25/10/2026 | I11: Cao | J11: Chưa bắt đầu | K11: 0% | L11: BE-14 | M11: GIỮ | N11: Không cho bắt đầu khảo sát nếu chưa xác nhận khoá exposure — chặn cứng
A12: FM-10 | B12: Khảo sát | C12: Ghi metadata capture: thông số camera, thời gian, tuyến | D12: Mỗi SurveyFrame có đủ ISO/shutter/aperture kèm theo | E12: FE1 – Thịnh | F12: W6–W7 | G12: 12/10/2026 | H12: 25/10/2026 | I12: Cao | J12: Chưa bắt đầu | K12: 0% | L12: FM-08 | M12: GIỮ | N12: Thiếu trường nào là backend từ chối ở BE-16
A13: FM-11 | B13: Khảo sát | C13: Kiểm tra độ phủ và chất lượng ảnh trước khi nộp sweep | D13: Cảnh báo ngay tại xe nếu đoạn nào thiếu SurveyFrame hoặc ảnh mờ | E13: FE1 – Thịnh | F13: W7–W8 | G13: 19/10/2026 | H13: 01/11/2026 | I13: Cao | J13: Chưa bắt đầu | K13: 0% | L13: FM-10 | M13: GIỮ | N13: Phát hiện lỗi khi còn ở hiện trường, không phải hôm sau
A14: FM-12 | B14: Khảo sát | C14: Nén + upload có tiến độ, cho huỷ và thử lại | D14: Không mất dữ liệu khi rớt mạng giữa chừng | E14: FE1 – Thịnh | F14: W8 | G14: 26/10/2026 | H14: 01/11/2026 | I14: Cao | J14: Chưa bắt đầu | K14: 0% | L14: FM-11 | M14: SỬA | N14: Viết lại bằng WorkManager
A15: FM-13 | B15: Khảo sát | C15: Upload hàng loạt hoãn đến khi có wifi | D15: Sweep vài GB không đốt hết 4G của người khảo sát | E15: FE1 – Thịnh | F15: W8–W9 | G15: 26/10/2026 | H15: 08/11/2026 | I15: Cao | J15: Chưa bắt đầu | K15: 0% | L15: FM-12 | M15: GIỮ | N15: Đọc cấu hình từ FM-26
A16: FM-14 | B16: Khảo sát | C16: Nhập số đo lux tại hiện trường | D16: Ghi được số đo kèm pole_id, phục vụ ground truth cho CV-12 | E16: FE1 – Thịnh | F16: W4–W5 | G16: 28/09/2026 | H16: 11/10/2026 | I16: Cao | J16: Chưa bắt đầu | K16: 0% | L16: BE-42 | M16: SỬA | N16: GIẢI QUYẾT v2.0 — entity đã có tên chính thức: BE-42 (LuxReading). ĐẨY LÊN W4–W5 để kịp FO-14 ở W5 (trước đây ở W9, lệch lịch).
A17: FM-15 | B17: Bản đồ | C17: Bản đồ tài sản trên mobile: marker theo tình trạng đèn | D17: Hiển thị mượt vài trăm Pole/Fixture; 4 trạng thái normal/dim/out/unknown | E17: FE1 – Thịnh | F17: W10 | G17: 09/11/2026 | H17: 15/11/2026 | I17: Cao | J17: Chưa bắt đầu | K17: 0% | L17: BE-14 | M17: SỬA | N17: Pole và Fixture TÁCH RIÊNG theo BE-09. Dùng chung bảng màu với FW-33.
A18: FM-16 | B18: Tổng quan | C18: Trang chủ tổng quan: việc trong ngày, cảnh báo quá hạn | D18: Mở app thấy đúng việc của mình — cả SurveySweep đã lên kế hoạch lẫn WorkOrder được gán | E18: FE1 – Thịnh | F18: W11–W12 | G18: 16/11/2026 | H18: 29/11/2026 | I18: Cao | J18: Chưa bắt đầu | K18: 0% | L18: BE-25 | M18: GIỮ | N18: Màn dùng CHUNG cho toàn bộ vai trò Tổ khảo sát/sửa chữa
A19: FM-17 | B19: Sửa chữa | C19: Chi tiết work order: vị trí, loại sự cố, ảnh tham chiếu, dẫn đường | D19: Đi đến đúng Pole, biết trước phải sửa Fixture nào | E19: FE1 – Thịnh | F19: W12–W13 | G19: 23/11/2026 | H19: 06/12/2026 | I19: Cao | J19: Chưa bắt đầu | K19: 0% | L19: FM-25 | M19: GIỮ | N19: Cần BE-20 (API chi tiết cột) để hiển thị biểu đồ luminance/runtime
A20: FM-18 | B20: Sửa chữa | C20: Cập nhật tại hiện trường + ảnh before/after | D20: Đóng WorkOrder kèm RepairEvidence ngay tại chỗ | E20: FE1 – Thịnh | F20: W13 | G20: 30/11/2026 | H20: 06/12/2026 | I20: Cao | J20: Chưa bắt đầu | K20: 0% | L20: FM-17 | M20: GIỮ | N20: RepairEvidence tách hoàn toàn khỏi SurveyFrame theo BE-11. Cần BE-24.
A21: FM-19 | B21: Sửa chữa | C21: Báo sự cố phát sinh quan sát tại chỗ | D21: Ghi nhận Fixture hỏng ngoài danh sách, tạo Fault nguồn field_report | E21: FE1 – Thịnh | F21: W13–W14 | G21: 30/11/2026 | H21: 13/12/2026 | I21: Trung bình | J21: Chưa bắt đầu | K21: 0% | L21: BE-41 | M21: SỬA | N21: GIẢI QUYẾT v2.0 — endpoint POST /faults nguồn field_report đã được bổ sung thành BE-41. Cảnh báo liên WP trước đây đã xử lý.
... A23: FM-21 | B23: Nền tảng | C23: Thông báo trong ứng dụng | D23: Được gán WorkOrder mới hoặc đổi mức ưu tiên là nhận được thông báo | E23: FE1 – Thịnh | F23: W16 | G23: 21/12/2026 | H23: 27/12/2026 | I23: Trung bình | J23: Chưa bắt đầu | K23: 0% | L23: BE-27 | M23: GIỮ | N23: Chốt tên bảng/entity cùng BE1-Mỹ trước W16
A24: FM-22 | B24: Hoàn thiện | C24: Rà soát 4 trạng thái mọi màn | D24: Không màn nào thiếu trạng thái lỗi | E24: FE1 – Thịnh | F24: W18–W19 | G24: 04/01/2027 | H24: 17/01/2027 | I24: Cao | J24: Chưa bắt đầu | K24: 0% | M24: GIỮ | N24: Áp dụng cho toàn bộ 15 màn, kể cả màn lux và màn thông báo
A25: FM-23 | B25: Hoàn thiện | C25: Kiểm thử đa thiết bị + mạng yếu + dùng ban đêm | D25: Đọc được màn hình trong xe ban đêm, không chói mắt | E25: FE1 – Thịnh | F25: W19–W20 | G25: 11/01/2027 | H25: 24/01/2027 | I25: Cao | J25: Chưa bắt đầu | K25: 0% | L25: FM-22 | M25: GIỮ | N25: Kiểm thử chế độ tối cho khảo sát đêm
A26: FM-24 | B26: Hoàn thiện | C26: Sửa lỗi tích hợp + ảnh chụp màn hình cho báo cáo | D26: Đủ ảnh luồng khảo sát và luồng sửa chữa | E26: FE1 – Thịnh | F26: W20–W21 | G26: 18/01/2027 | H26: 31/01/2027 | I26: Cao | J26: Chưa bắt đầu | K26: 0% | L26: FM-23 | M26: GIỮ
A27: FM-25 | B27: Sửa chữa | C27: Màn danh sách công việc đầy đủ: lọc theo trạng thái/ưu tiên | D27: Xem toàn bộ WorkOrder được giao, thứ tự mặc định theo priority_score backend trả về | E27: FE1 – Thịnh | F27: W12 | G27: 23/11/2026 | H27: 29/11/2026 | I27: Cao | J27: Chưa bắt đầu | K27: 0% | L27: FM-16 | M27: GIỮ | N27: Không tự sắp xếp lại thứ tự ưu tiên phía client
A28: FM-26 | B28: Nền tảng | C28: Màn Cá nhân & Cài đặt: tài khoản, cài đặt tải lên, xoá cache bản đồ, đăng xuất | D28: Đổi được cài đặt tải lên, xoá cache bản đồ offline, cảnh báo khi đăng xuất mà còn dữ liệu chưa đồng bộ | E28: FE1 – Thịnh | F28: W3 | G28: 21/09/2026 | H28: 27/09/2026 | I28: Trung bình | J28: Chưa bắt đầu | K28: 0% | L28: FM-05 | M28: GIỮ | N28: Dựng sớm vì FM-13 đọc đúng cài đặt tạo ở đây
A29: FM-27 | B29: Bản đồ | C29: Màn chi tiết cột đèn từ bản đồ (mở rộng từ xem nhanh) | D29: Xem đủ thông số kỹ thuật, trạng thái, lịch sử luminance/runtime và lịch sử ảnh chụp khảo sát (SurveyFrame thumbnail theo từng sweep) của 1 Pole/Fixture ngay từ bản đồ, không cần qua Work Order | E29: FE1 – Thịnh | F29: W5 | G29: 46300 | H29: 46306 | I29: Trung bình | J29: Chưa bắt đầu | K29: 0% | L29: FM-06, BE-20 | M29: MỚI | N29: Tách khỏi FM-17 — cho xem chi tiết cột đèn trực tiếp từ bản đồ, không cần Work Order gán trước. Dùng lại field iot_node/luminance_history/recent_frames như mock-pole-detail.json. recent_frames chỉ có thumbnail, không phải ảnh gốc bấm vào thumbnail có cần mở full-size không thì để quyết định sau khi có API BE-20 thật.
A30: FM-28 | B30: Bản đồ | C30: Nút "Chỉ đường" mở ứng dụng bản đồ ngoài | D30: Từ màn chi tiết cột đèn, bấm 1 nút mở Google Maps dẫn đường tới đúng toạ độ cột | E30: FE1 – Thịnh | F30: W5 | G30: 46300 | H30: 46306 | I30: Trung bình | J30: Chưa bắt đầu | K30: 0% | L30: FM-27 | M30: MỚI | N30: Mở app bản đồ ngoài bằng Intent, không tự xây turn-by-turn navigation
A31: FM-29 | B31: Nền tảng | C31: CSDL local và prefetch dữ liệu cho chế độ offline | D31: Room lưu dữ liệu thao tác/cached; đăng nhập có thể tải trước tài sản, tuyến và WorkOrder để dùng khi mất mạng | E31: FE1 – Thịnh | F31: W3–W5 | G31: 46286 | H31: 46306 | I31: Cao | J31: Chưa bắt đầu | K31: 0 | L31: FM-04, BE-14 | M31: MỚI | N31: Tách rõ nền tảng dữ liệu offline khỏi FM-20: Room, cache, prefetch và mốc đồng bộ. Không chờ mạng khi thao tác hiện trường.
A32: FM-30 | B32: Khảo sát | C32: Camera Capture Mode và kiểm tra khóa exposure | D32: Chụp SurveyFrame bằng CameraX/Camera2Interop; chỉ cho bắt đầu khi camera, exposure lock, GPS, heading, pin và dung lượng đạt yêu cầu | E32: FE1 – Thịnh | F32: W4–W6 | G32: 46293 | H32: 46313 | I32: Cao | J32: Chưa bắt đầu | K32: 0 | L32: FM-07, FM-08 | M32: MỚI | N32: FM-08/10 chỉ phụ trách GPS-heading và metadata. Task này chịu trách nhiệm Capture Mode, CameraX/Camera2Interop và chặn cứng khi chưa khóa exposure.
A33: FM-31 | B33: Bản đồ | C33: Tải và quản lý vùng bản đồ offline | D33: Tải/xóa/cập nhật tile và dữ liệu tài sản theo khu vực phụ trách; hiển thị phạm vi, phiên bản và dung lượng cache | E33: FE1 – Thịnh | F33: W7–W8 | G33: 46314 | H33: 46327 | I33: Cao | J33: Chưa bắt đầu | K33: 0 | L33: FM-29, BE-14 | M33: MỚI | N33: Chốt nguồn tile, giấy phép, giới hạn cache và chiến lược offline region cùng WP5. FM-26 chỉ quản lý cài đặt/xóa cache.
A34: FM-32 | B34: Nền tảng | C34: Bảo mật và vòng đời dữ liệu hiện trường | D34: Ảnh/GPS lưu app-specific storage, backup loại trừ dữ liệu nhạy cảm; logout giữ dữ liệu an toàn theo tài khoản | E34: FE1 – Thịnh | F34: W5–W6 | G34: 46300 | H34: 46313 | I34: Cao | J34: Chưa bắt đầu | K34: 0 | L34: FM-05, FM-29 | M34: MỚI | N34: Bổ sung ngoài mã hóa token: không đưa ảnh vào Gallery, không log payload nhạy cảm và chỉ dọn dữ liệu sau khi server xác nhận thành công.
A35: FM-33 | B35: Nền tảng | C35: Push notification và deep link WorkOrder | D35: Nhận thông báo, đồng bộ delta khi online, dùng cache khi offline và mở đúng màn hình WorkOrder từ thông báo | E35: FE1 – Thịnh | F35: W16 | G35: 46377 | H35: 46383 | I35: Trung bình | J35: Chưa bắt đầu | K35: 0 | L35: FM-21, BE-27 | M35: MỚI | N35: FM-21 phụ trách danh sách thông báo. Task này phụ trách nhận push, refresh dữ liệu và deep-link an toàn.
A36: FM-34 | B36: Hoàn thiện | C36: Mã kiểm thử tự động: unit test và UI/instrumentation test | D36: Có test cho đăng nhập/refresh token, xử lý lỗi mạng và GeoJSON; kiểm tra luồng đăng nhập, quyền vị trí và trạng thái Loading/Empty/Error trên emulator | E36: FE1 – Thịnh | F36: W18–W20 | G36: 46391 | H36: 46411 | I36: Cao | J36: Chưa bắt đầu | K36: 0 | L36: FM-20, FM-22 | M36: MỚI | N36: Không thay thế FM-23 (kiểm thử thủ công đa thiết bị/ngoài thực địa). Unit test chạy logic nhanh; UI test chạy trên emulator để phát hiện lỗi hồi quy trước khi bàn giao.

Sheet Tong hop
A1: TỔNG HỢP TIẾN ĐỘ — tự tính, không sửa tay
A3: Work Package | B3: Tổng task | C3: Chưa bắt đầu | D3: Đang làm | E3: Đang review | F3: Hoàn thành | G3: Bị chặn
A4: Field Ops | B4: =COUNTA('Field Ops'!$A$3:$A$30) -> 28 | C4: =COUNTIF('Field Ops'!$J$3:$J$30,"Chưa bắt đầu") -> 26 | D4: =COUNTIF('Field Ops'!$J$3:$J$30,"Đang làm") -> 0 | E4: =COUNTIF('Field Ops'!$J$3:$J$30,"Đang review") -> 0 | F4: =COUNTIF('Field Ops'!$J$3:$J$30,"Hoàn thành") -> 2 | G4: =COUNTIF('Field Ops'!$J$3:$J$30,"Bị chặn") -> 0
A5: Backend | B5: =COUNTA(Backend!$A$3:$A$46) -> 44 | C5: =COUNTIF(Backend!$J$3:$J$46,"Chưa bắt đầu") -> 30 | D5: =COUNTIF(Backend!$J$3:$J$46,"Đang làm") -> 1 | E5: =COUNTIF(Backend!$J$3:$J$46,"Đang review") -> 0 | F5: =COUNTIF(Backend!$J$3:$J$46,"Hoàn thành") -> 13 | G5: =COUNTIF(Backend!$J$3:$J$46,"Bị chặn") -> 0
A6: IoT-Firmware | B6: =COUNTA('IoT-Firmware'!$A$3:$A$20) -> 18 | C6: =COUNTIF('IoT-Firmware'!$J$3:$J$20,"Chưa bắt đầu") -> 18 | D6: =COUNTIF('IoT-Firmware'!$J$3:$J$20,"Đang làm") -> 0 | E6: =COUNTIF('IoT-Firmware'!$J$3:$J$20,"Đang review") -> 0 | F6: =COUNTIF('IoT-Firmware'!$J$3:$J$20,"Hoàn thành") -> 0 | G6: =COUNTIF('IoT-Firmware'!$J$3:$J$20,"Bị chặn") -> 0
A7: CV-Analytics | B7: =COUNTA('CV-Analytics'!$A$3:$A$23) -> 21 | C7: =COUNTIF('CV-Analytics'!$J$3:$J$23,"Chưa bắt đầu") -> 21 | D7: =COUNTIF('CV-Analytics'!$J$3:$J$23,"Đang làm") -> 0 | E7: =COUNTIF('CV-Analytics'!$J$3:$J$23,"Đang review") -> 0 | F7: =COUNTIF('CV-Analytics'!$J$3:$J$23,"Hoàn thành") -> 0 | G7: =COUNTIF('CV-Analytics'!$J$3:$J$23,"Bị chặn") -> 0
A8: Frontend-Desktop | B8: =COUNTA('Frontend-Desktop'!$A$3:$A$37) -> 35 | C8: =COUNTIF('Frontend-Desktop'!$J$3:$J$37,"Chưa bắt đầu") -> 28 | D8: =COUNTIF('Frontend-Desktop'!$J$3:$J$37,"Đang làm") -> 1 | E8: =COUNTIF('Frontend-Desktop'!$J$3:$J$37,"Đang review") -> 1 | F8: =COUNTIF('Frontend-Desktop'!$J$3:$J$37,"Hoàn thành") -> 5 | G8: =COUNTIF('Frontend-Desktop'!$J$3:$J$37,"Bị chặn") -> 0
A9: Frontend-Mobile | B9: =COUNTA('Frontend-Mobile'!$A$3:$A$26) -> 24 | C9: =COUNTIF('Frontend-Mobile'!$J$3:$J$26,"Chưa bắt đầu") -> 17 | D9: =COUNTIF('Frontend-Mobile'!$J$3:$J$26,"Đang làm") -> 1 | E9: =COUNTIF('Frontend-Mobile'!$J$3:$J$26,"Đang review") -> 0 | F9: =COUNTIF('Frontend-Mobile'!$J$3:$J$26,"Hoàn thành") -> 6 | G9: =COUNTIF('Frontend-Mobile'!$J$3:$J$26,"Bị chặn") -> 0
A10: TỔNG CỘNG | B10: =SUM(B4:B9) -> 170 | C10: =SUM(C4:C9) -> 140 | D10: =SUM(D4:D9) -> 3 | E10: =SUM(E4:E9) -> 1 | F10: =SUM(F4:F9) -> 26 | G10: =SUM(G4:G9) -> 0

Sheet Danh muc
A1: Thành viên | B1: Trạng thái | C1: Ưu tiên | D1: Nguồn gốc | F1: Tuần | G1: Bắt đầu | H1: Kết thúc
A2: BE1 – Mỹ | B2: Chưa bắt đầu | C2: Cao | D2: GIỮ | F2: W0 | G2: 18/08/2026 | H2: 06/09/2026
A3: BE2 – Đạt | B3: Đang làm | C3: Trung bình | D3: SỬA | F3: W1 | G3: 07/09/2026 | H3: 13/09/2026
A4: FE1 – Thịnh | B4: Đang review | C4: Thấp | D4: MỚI | F4: W2 | G4: 14/09/2026 | H4: 20/09/2026
A5: FE2 – Ngọc | B5: Hoàn thành | F5: W3 | G5: 21/09/2026 | H5: 27/09/2026
A6: FE3 – Khang | B6: Bị chặn | F6: W4 | G6: 28/09/2026 | H6: 04/10/2026
A7: Cả nhóm | F7: W5 | G7: 05/10/2026 | H7: 11/10/2026
A8: Chưa gán | F8: W6 | G8: 12/10/2026 | H8: 18/10/2026
F9: W7 | G9: 19/10/2026 | H9: 25/10/2026
F10: W8 | G10: 26/10/2026 | H10: 01/11/2026
F11: W9 | G11: 02/11/2026 | H11: 08/11/2026
F12: W10 | G12: 09/11/2026 | H12: 15/11/2026
F13: W11 | G13: 16/11/2026 | H13: 22/11/2026
F14: W12 | G14: 23/11/2026 | H14: 29/11/2026
F15: W13 | G15: 30/11/2026 | H15: 06/12/2026
F16: W14 | G16: 07/12/2026 | H16: 13/12/2026
F17: W15 | G17: 14/12/2026 | H17: 20/12/2026
F18: W16 | G18: 21/12/2026 | H18: 27/12/2026
F19: W17 | G19: 28/12/2026 | H19: 03/01/2027
F20: W18 | G20: 04/01/2027 | H20: 10/01/2027
... F23: W21 | G23: 25/01/2027 | H23: 31/01/2027
